condition_id,t,bu,au,bd,ad,su,sd,sau,sad,du,dd
0xsmoke0000,1770000005,0.49,0.51,0.49,0.51,442.1,212.6,319.2,76.7,2244.3,1953.7
0xsmoke0000,1770000010,0.48,0.5,0.5,0.52,417.4,220.8,490.4,315.5,3222.8,3371.0
0xsmoke0000,1770000015,0.46,0.48,0.52,0.54,117.9,248.1,157.8,231.1,935.2,4855.2
0xsmoke0000,1770000020,0.43,0.45,0.55,0.57,352.3,185.2,443.3,348.0,1092.3,4302.8
0xsmoke0000,1770000025,0.5,0.52,0.48,0.5,456.8,306.4,115.5,136.6,4675.6,2985.5
0xsmoke0000,1770000030,0.48,0.5,0.5,0.52,447.8,338.7,306.4,219.3,2349.3,1577.7
0xsmoke0000,1770000035,0.48,0.5,0.5,0.52,444.3,260.5,296.4,195.0,3881.0,613.4
0xsmoke0000,1770000040,0.41,0.43,0.57,0.59,63.7,105.3,485.2,346.0,2427.0,2856.8
0xsmoke0000,1770000045,0.53,0.55,0.45,0.47,204.9,315.6,357.7,209.9,2835.9,3943.6
0xsmoke0000,1770000050,0.47,0.49,0.51,0.53,118.0,470.0,52.3,388.8,4147.4,1115.4
0xsmoke0000,1770000055,0.41,0.43,0.57,0.59,416.9,56.4,332.8,406.9,2808.5,3766.3
0xsmoke0000,1770000060,0.39,0.41,0.59,0.61,139.3,213.4,130.7,205.7,4766.6,3080.0
0xsmoke0000,1770000065,0.45,0.47,0.53,0.55,172.2,478.4,250.0,491.2,2819.9,2845.2
0xsmoke0000,1770000070,0.41,0.43,0.57,0.59,384.2,311.3,242.0,445.2,2352.4,4652.4
0xsmoke0000,1770000075,0.37,0.39,0.61,0.63,243.5,283.8,477.9,162.9,4127.2,3544.1
0xsmoke0000,1770000080,0.39,0.41,0.59,0.61,333.3,487.2,199.7,229.2,1413.1,728.2
0xsmoke0000,1770000085,0.46,0.48,0.52,0.54,462.0,428.1,100.6,321.7,2656.4,3176.1
0xsmoke0000,1770000090,0.38,0.4,0.6,0.62,188.0,482.6,259.6,332.6,3358.5,1327.5
0xsmoke0000,1770000095,0.4,0.42,0.58,0.6,235.2,393.8,416.8,378.5,1009.4,4610.1
0xsmoke0000,1770000100,0.39,0.41,0.59,0.61,445.0,285.5,462.0,71.0,636.3,591.0
0xsmoke0000,1770000105,0.38,0.4,0.6,0.62,161.9,134.4,305.2,67.5,3156.7,1247.1
0xsmoke0000,1770000110,0.42,0.44,0.56,0.58,59.5,189.8,472.3,292.3,4152.1,3461.1
0xsmoke0000,1770000115,0.45,0.47,0.53,0.55,136.1,308.5,67.9,410.7,4820.3,4343.0
0xsmoke0000,1770000120,0.37,0.39,0.61,0.63,202.4,193.1,100.7,332.0,4088.6,1911.7
0xsmoke0000,1770000125,0.36,0.38,0.62,0.64,408.7,108.1,395.1,447.2,1387.8,3081.4
0xsmoke0000,1770000130,0.44,0.46,0.54,0.56,324.2,93.3,347.5,334.4,4207.5,4115.8
0xsmoke0000,1770000135,0.42,0.44,0.56,0.58,374.9,440.3,451.8,122.7,620.2,3428.6
0xsmoke0000,1770000140,0.5,0.52,0.48,0.5,303.7,475.2,220.7,163.7,2554.3,3457.6
0xsmoke0000,1770000145,0.42,0.44,0.56,0.58,221.3,110.2,348.1,423.7,2195.8,2172.8
0xsmoke0000,1770000150,0.34,0.36,0.64,0.66,146.8,161.3,198.4,255.8,866.9,3887.3
0xsmoke0000,1770000155,0.29,0.31,0.69,0.71,184.9,84.9,393.4,109.0,1099.4,1088.1
0xsmoke0000,1770000160,0.33,0.35,0.65,0.67,457.9,171.2,187.9,424.8,3289.7,1342.1
0xsmoke0000,1770000165,0.24,0.26,0.74,0.76,447.8,218.9,369.9,93.6,3773.0,3994.1
0xsmoke0000,1770000170,0.3,0.32,0.68,0.7,353.4,216.8,78.9,283.4,3908.6,1358.8
0xsmoke0000,1770000175,0.25,0.27,0.73,0.75,291.3,386.7,453.5,106.6,1329.2,4097.9
0xsmoke0000,1770000180,0.23,0.25,0.75,0.77,374.4,498.5,472.6,429.4,3997.0,2277.6
0xsmoke0000,1770000185,0.25,0.27,0.73,0.75,133.0,391.8,391.0,374.6,2501.6,2201.8
0xsmoke0000,1770000190,0.21,0.23,0.77,0.79,65.0,429.9,294.1,224.4,2966.1,3747.4
0xsmoke0000,1770000195,0.22,0.24,0.76,0.78,423.8,463.8,224.3,112.0,3921.7,4968.3
0xsmoke0000,1770000200,0.2,0.22,0.78,0.8,370.7,421.4,464.3,105.5,913.1,4945.4
0xsmoke0000,1770000205,0.19,0.21,0.79,0.81,308.7,250.8,387.7,135.8,4614.9,1477.4
0xsmoke0000,1770000210,0.19,0.21,0.79,0.81,80.4,263.0,64.7,191.2,1905.0,3738.9
0xsmoke0000,1770000215,0.15,0.17,0.83,0.85,75.5,497.9,449.9,462.3,1609.6,2273.5
0xsmoke0000,1770000220,0.16,0.18,0.82,0.84,106.2,64.9,276.5,105.4,1293.4,4372.1
0xsmoke0000,1770000225,0.14,0.16,0.84,0.86,132.7,351.4,169.6,287.1,1773.3,2822.7
0xsmoke0000,1770000230,0.16,0.18,0.82,0.84,291.3,228.0,405.9,443.0,1307.2,1113.4
0xsmoke0000,1770000235,0.09,0.11,0.89,0.91,490.8,473.7,153.8,486.5,1435.2,2779.1
0xsmoke0000,1770000240,0.08,0.1,0.9,0.92,461.7,68.2,191.9,320.0,798.8,1564.5
0xsmoke0000,1770000245,0.09,0.11,0.89,0.91,446.4,392.4,423.0,392.5,3684.7,4323.6
0xsmoke0000,1770000250,0.16,0.18,0.82,0.84,381.1,185.7,125.4,390.4,1246.3,4637.6
0xsmoke0000,1770000255,0.06,0.08,0.92,0.94,198.2,471.5,119.8,281.5,912.0,4844.4
0xsmoke0000,1770000260,0.07,0.09,0.91,0.93,411.6,176.9,410.8,366.3,3396.6,4777.5
0xsmoke0000,1770000265,0.06,0.08,0.92,0.94,236.8,361.5,425.8,200.8,3513.5,1440.7
0xsmoke0000,1770000270,0.07,0.09,0.91,0.93,396.1,79.4,377.5,56.9,4812.6,2609.0
0xsmoke0000,1770000275,0.08,0.1,0.9,0.92,374.2,285.5,378.9,88.1,3032.6,3011.5
0xsmoke0000,1770000280,0.02,0.04,0.96,0.98,67.8,253.8,334.0,297.8,833.7,3169.5
0xsmoke0000,1770000285,0.01,0.03,0.97,0.99,138.0,445.4,139.0,254.4,3876.3,3682.9
0xsmoke0000,1770000290,0.01,0.03,0.97,0.99,413.2,259.6,329.2,418.5,3551.4,3388.2
0xsmoke0000,1770000295,0.01,0.03,0.97,0.99,301.2,228.2,384.9,221.2,2599.8,3899.6
0xsmoke0000,1770000300,0.02,0.04,0.96,0.98,202.1,422.1,221.4,430.1,4033.6,2512.8
0xsmoke0001,1770000305,0.42,0.44,0.56,0.58,65.5,225.4,437.2,310.8,3010.2,3491.3
0xsmoke0001,1770000310,0.44,0.46,0.54,0.56,312.6,239.3,132.6,181.7,1818.1,2438.4
0xsmoke0001,1770000315,0.45,0.47,0.53,0.55,251.3,217.2,311.6,476.6,4500.8,2197.1
0xsmoke0001,1770000320,0.48,0.5,0.5,0.52,448.0,272.2,358.5,83.0,4399.5,1908.3
0xsmoke0001,1770000325,0.44,0.46,0.54,0.56,139.1,239.1,422.6,422.4,2631.5,3955.6
0xsmoke0001,1770000330,0.52,0.54,0.46,0.48,218.0,295.7,140.6,192.5,3679.4,3967.3
0xsmoke0001,1770000335,0.41,0.43,0.57,0.59,379.8,417.8,250.3,78.1,3573.1,1607.7
0xsmoke0001,1770000340,0.44,0.46,0.54,0.56,219.5,336.7,166.2,264.4,2861.0,3339.6
0xsmoke0001,1770000345,0.5,0.52,0.48,0.5,482.9,180.1,187.7,165.3,803.6,2403.2
0xsmoke0001,1770000350,0.44,0.46,0.54,0.56,369.3,138.0,111.6,194.6,3957.1,2696.4
0xsmoke0001,1770000355,0.41,0.43,0.57,0.59,345.4,329.4,395.5,387.6,2047.3,1656.5
0xsmoke0001,1770000360,0.38,0.4,0.6,0.62,270.2,113.8,248.6,337.9,1110.7,1121.2
0xsmoke0001,1770000365,0.41,0.43,0.57,0.59,177.5,482.8,61.6,132.7,1242.7,2634.6
0xsmoke0001,1770000370,0.43,0.45,0.55,0.57,256.2,123.3,171.3,406.6,1328.3,3277.1
0xsmoke0001,1770000375,0.43,0.45,0.55,0.57,237.9,417.6,122.4,465.7,4520.7,3507.4
0xsmoke0001,1770000380,0.42,0.44,0.56,0.58,348.5,320.2,397.5,146.2,4790.1,4487.9
0xsmoke0001,1770000385,0.34,0.36,0.64,0.66,191.8,64.6,423.9,461.8,4954.1,3253.7
0xsmoke0001,1770000390,0.37,0.39,0.61,0.63,355.3,306.6,478.6,323.5,2010.8,2807.9
0xsmoke0001,1770000395,0.38,0.4,0.6,0.62,375.9,362.3,239.5,433.2,3899.9,2015.1
0xsmoke0001,1770000400,0.35,0.37,0.63,0.65,109.5,132.9,186.8,251.4,4676.0,1752.9
0xsmoke0001,1770000405,0.39,0.41,0.59,0.61,356.2,434.1,231.5,51.5,4041.4,1604.6
0xsmoke0001,1770000410,0.37,0.39,0.61,0.63,409.8,358.8,145.6,170.4,4726.5,1708.4
0xsmoke0001,1770000415,0.37,0.39,0.61,0.63,108.3,416.8,102.9,282.2,658.5,2975.4
0xsmoke0001,1770000420,0.47,0.49,0.51,0.53,88.0,173.4,394.1,323.6,1907.6,3330.1
0xsmoke0001,1770000425,0.46,0.48,0.52,0.54,438.1,181.8,391.0,336.1,3831.9,2202.2
0xsmoke0001,1770000430,0.49,0.51,0.49,0.51,364.3,224.4,61.9,483.3,3711.2,1421.3
0xsmoke0001,1770000435,0.41,0.43,0.57,0.59,175.4,261.2,436.9,251.6,1796.0,1874.7
0xsmoke0001,1770000440,0.41,0.43,0.57,0.59,148.8,172.0,127.8,78.4,2596.1,1464.8
0xsmoke0001,1770000445,0.37,0.39,0.61,0.63,465.1,172.8,307.5,278.0,838.0,1061.9
0xsmoke0001,1770000450,0.37,0.39,0.61,0.63,263.4,412.1,80.0,317.7,4393.9,4401.8
0xsmoke0001,1770000455,0.33,0.35,0.65,0.67,284.8,216.1,392.0,82.9,1692.2,4156.9
0xsmoke0001,1770000460,0.27,0.29,0.71,0.73,253.9,485.9,194.0,68.8,2264.9,1190.2
0xsmoke0001,1770000465,0.31,0.33,0.67,0.69,305.5,479.1,310.7,341.2,1956.3,3070.1
0xsmoke0001,1770000470,0.27,0.29,0.71,0.73,315.2,411.3,297.7,139.2,3122.3,2709.2
0xsmoke0001,1770000475,0.24,0.26,0.74,0.76,328.6,417.6,110.8,295.2,3801.6,2313.6
0xsmoke0001,1770000480,0.24,0.26,0.74,0.76,217.5,293.8,359.0,301.6,981.6,4180.5
0xsmoke0001,1770000485,0.26,0.28,0.72,0.74,95.6,162.3,128.2,432.1,4596.3,699.2
0xsmoke0001,1770000490,0.25,0.27,0.73,0.75,136.6,261.3,464.7,81.6,1270.8,2691.6
0xsmoke0001,1770000495,0.21,0.23,0.77,0.79,385.5,247.0,113.5,209.1,4919.4,3878.2
0xsmoke0001,1770000500,0.15,0.17,0.83,0.85,413.7,189.9,401.6,55.7,4420.7,1230.4
0xsmoke0001,1770000505,0.15,0.17,0.83,0.85,347.8,278.5,124.4,112.6,1780.4,735.8
0xsmoke0001,1770000510,0.14,0.16,0.84,0.86,108.5,259.2,210.4,314.1,1764.0,652.6
0xsmoke0001,1770000515,0.24,0.26,0.74,0.76,389.8,165.1,232.0,389.7,2330.1,4492.1
0xsmoke0001,1770000520,0.14,0.16,0.84,0.86,189.7,381.2,163.9,112.8,2470.5,3211.1
0xsmoke0001,1770000525,0.13,0.15,0.85,0.87,115.7,370.6,264.0,109.3,4877.0,3631.0
0xsmoke0001,1770000530,0.16,0.18,0.82,0.84,457.6,96.4,91.7,199.2,4720.8,648.6
0xsmoke0001,1770000535,0.17,0.19,0.81,0.83,325.2,80.2,305.9,256.5,3037.9,3817.4
0xsmoke0001,1770000540,0.11,0.13,0.87,0.89,498.8,120.5,415.8,235.0,4024.9,4513.0
0xsmoke0001,1770000545,0.18,0.2,0.8,0.82,169.7,253.8,474.3,475.6,2177.9,4730.9
0xsmoke0001,1770000550,0.1,0.12,0.88,0.9,218.6,390.5,262.0,251.7,2237.5,2447.6
0xsmoke0001,1770000555,0.11,0.13,0.87,0.89,77.5,389.3,304.0,352.4,4110.5,1535.5
0xsmoke0001,1770000560,0.05,0.07,0.93,0.95,175.1,186.8,392.3,218.4,1954.3,3363.4
0xsmoke0001,1770000565,0.05,0.07,0.93,0.95,97.9,363.7,390.4,183.4,3362.2,653.3
0xsmoke0001,1770000570,0.1,0.12,0.88,0.9,310.1,164.0,206.7,324.3,3154.5,1193.9
0xsmoke0001,1770000575,0.04,0.06,0.94,0.96,86.0,486.4,141.1,164.1,1401.4,4961.7
0xsmoke0001,1770000580,0.04,0.06,0.94,0.96,322.4,495.8,477.5,69.1,2845.3,3205.9
0xsmoke0001,1770000585,0.03,0.05,0.95,0.97,201.2,197.6,51.9,65.9,2975.3,841.5
0xsmoke0001,1770000590,0.01,0.03,0.97,0.99,200.0,81.7,63.9,467.1,2458.4,1422.0
0xsmoke0001,1770000595,0.01,0.03,0.97,0.99,54.3,160.3,482.3,454.0,3361.7,919.4
0xsmoke0001,1770000600,0.06,0.08,0.92,0.94,62.6,148.6,61.4,106.8,3349.5,952.0
0xsmoke0002,1770000605,0.5,0.52,0.48,0.5,456.3,201.0,199.8,88.9,4081.7,3543.7
0xsmoke0002,1770000610,0.49,0.51,0.49,0.51,328.1,95.2,167.1,312.6,4785.0,4177.1
0xsmoke0002,1770000615,0.49,0.51,0.49,0.51,283.5,56.8,450.8,80.1,1080.9,3618.8
0xsmoke0002,1770000620,0.44,0.46,0.54,0.56,403.9,253.6,129.7,65.9,4331.2,4899.6
0xsmoke0002,1770000625,0.55,0.57,0.43,0.45,439.7,231.1,190.1,277.3,536.8,2492.2
0xsmoke0002,1770000630,0.42,0.44,0.56,0.58,370.6,276.2,441.0,453.5,1925.4,1761.7
0xsmoke0002,1770000635,0.49,0.51,0.49,0.51,276.8,93.4,70.6,495.7,3106.2,745.2
0xsmoke0002,1770000640,0.46,0.48,0.52,0.54,276.8,245.9,478.1,476.9,1062.4,1182.7
0xsmoke0002,1770000645,0.44,0.46,0.54,0.56,425.3,330.7,378.4,309.2,1445.3,4179.9
0xsmoke0002,1770000650,0.44,0.46,0.54,0.56,364.3,137.5,262.0,488.8,2925.7,756.3
0xsmoke0002,1770000655,0.46,0.48,0.52,0.54,347.1,75.5,163.7,58.3,2930.3,2216.6
0xsmoke0002,1770000660,0.43,0.45,0.55,0.57,183.1,345.6,127.9,458.0,4820.4,2718.5
0xsmoke0002,1770000665,0.45,0.47,0.53,0.55,436.8,180.4,411.4,179.3,3739.8,2003.1
0xsmoke0002,1770000670,0.35,0.37,0.63,0.65,466.6,74.4,413.3,293.8,2205.8,2076.2
0xsmoke0002,1770000675,0.44,0.46,0.54,0.56,166.3,330.4,93.9,351.2,4830.1,4913.5
0xsmoke0002,1770000680,0.4,0.42,0.58,0.6,413.0,130.1,486.6,141.2,4410.7,4450.4
0xsmoke0002,1770000685,0.42,0.44,0.56,0.58,140.2,283.8,180.8,106.6,1076.9,4105.3
0xsmoke0002,1770000690,0.43,0.45,0.55,0.57,113.8,56.0,168.6,110.5,1348.8,3125.0
0xsmoke0002,1770000695,0.37,0.39,0.61,0.63,243.2,142.5,349.1,180.3,2296.2,2585.4
0xsmoke0002,1770000700,0.39,0.41,0.59,0.61,160.9,373.4,189.2,452.5,2273.4,2773.2
0xsmoke0002,1770000705,0.38,0.4,0.6,0.62,352.7,92.5,111.6,495.8,631.0,1853.9
0xsmoke0002,1770000710,0.36,0.38,0.62,0.64,56.8,122.6,146.0,88.9,2623.8,3166.0
0xsmoke0002,1770000715,0.36,0.38,0.62,0.64,98.9,414.9,412.0,302.9,1119.8,2938.6
0xsmoke0002,1770000720,0.41,0.43,0.57,0.59,242.7,438.7,225.5,279.9,1013.6,3036.0
0xsmoke0002,1770000725,0.42,0.44,0.56,0.58,379.1,165.6,496.3,374.0,2406.9,2367.1
0xsmoke0002,1770000730,0.43,0.45,0.55,0.57,129.1,337.8,373.5,282.4,4429.4,2608.9
0xsmoke0002,1770000735,0.4,0.42,0.58,0.6,178.1,463.7,192.3,362.9,2342.1,4709.4
0xsmoke0002,1770000740,0.46,0.48,0.52,0.54,63.5,497.5,322.2,83.2,2736.6,722.6
0xsmoke0002,1770000745,0.38,0.4,0.6,0.62,133.5,215.6,187.1,321.0,4200.6,4714.4
0xsmoke0002,1770000750,0.34,0.36,0.64,0.66,306.4,52.7,217.5,482.3,1034.8,4414.2
0xsmoke0002,1770000755,0.32,0.34,0.66,0.68,182.3,400.2,180.2,452.7,872.4,1035.5
0xsmoke0002,1770000760,0.3,0.32,0.68,0.7,252.1,116.4,281.0,183.6,2971.9,3846.7
0xsmoke0002,1770000765,0.3,0.32,0.68,0.7,76.6,316.6,492.6,256.9,3963.0,937.7
0xsmoke0002,1770000770,0.3,0.32,0.68,0.7,449.7,404.2,441.2,75.8,3719.9,1386.4
0xsmoke0002,1770000775,0.24,0.26,0.74,0.76,196.2,316.1,332.5,469.1,557.2,1370.5
0xsmoke0002,1770000780,0.26,0.28,0.72,0.74,418.1,297.5,280.4,392.1,3447.8,1804.4
0xsmoke0002,1770000785,0.2,0.22,0.78,0.8,258.0,446.1,319.2,74.0,2480.3,2230.8
0xsmoke0002,1770000790,0.21,0.23,0.77,0.79,314.2,478.1,202.1,233.6,3260.8,4488.8
0xsmoke0002,1770000795,0.26,0.28,0.72,0.74,261.9,416.6,268.4,483.6,1771.2,1073.3
0xsmoke0002,1770000800,0.19,0.21,0.79,0.81,183.8,431.3,324.2,279.0,891.6,4038.4
0xsmoke0002,1770000805,0.18,0.2,0.8,0.82,484.3,444.6,186.3,107.5,4485.5,2659.3
0xsmoke0002,1770000810,0.16,0.18,0.82,0.84,233.5,338.1,461.9,410.4,1224.5,2648.0
0xsmoke0002,1770000815,0.13,0.15,0.85,0.87,495.3,89.1,279.8,461.5,2294.8,1677.7
0xsmoke0002,1770000820,0.19,0.21,0.79,0.81,194.0,467.2,88.2,143.0,877.4,3703.5
0xsmoke0002,1770000825,0.15,0.17,0.83,0.85,455.1,452.1,471.4,165.3,503.0,2244.2
0xsmoke0002,1770000830,0.09,0.11,0.89,0.91,393.7,76.8,366.2,462.7,4854.7,3721.9
0xsmoke0002,1770000835,0.13,0.15,0.85,0.87,428.8,211.3,94.6,377.4,1116.1,2228.9
0xsmoke0002,1770000840,0.17,0.19,0.81,0.83,301.9,284.8,476.5,177.8,4997.4,4603.9
0xsmoke0002,1770000845,0.07,0.09,0.91,0.93,197.3,107.0,462.0,133.6,540.4,4505.3
0xsmoke0002,1770000850,0.09,0.11,0.89,0.91,352.3,379.9,69.2,91.3,2749.3,726.2
0xsmoke0002,1770000855,0.11,0.13,0.87,0.89,381.4,345.8,327.5,70.9,1564.9,4538.7
0xsmoke0002,1770000860,0.05,0.07,0.93,0.95,290.0,72.5,472.6,127.2,2345.1,2960.5
0xsmoke0002,1770000865,0.11,0.13,0.87,0.89,471.9,381.4,206.3,83.9,3683.3,4876.3
0xsmoke0002,1770000870,0.08,0.1,0.9,0.92,398.6,129.3,257.0,285.2,3264.9,4952.9
0xsmoke0002,1770000875,0.09,0.11,0.89,0.91,226.6,371.8,260.0,235.9,2145.4,2720.3
0xsmoke0002,1770000880,0.04,0.06,0.94,0.96,158.9,116.8,248.1,182.0,4266.2,4315.5
0xsmoke0002,1770000885,0.03,0.05,0.95,0.97,328.6,456.0,211.6,299.6,2496.0,3426.2
0xsmoke0002,1770000890,0.01,0.03,0.97,0.99,112.4,484.4,349.6,408.1,3358.0,4416.4
0xsmoke0002,1770000895,0.01,0.03,0.97,0.99,368.6,168.9,278.9,356.7,1405.1,775.2
0xsmoke0002,1770000900,0.03,0.05,0.95,0.97,414.0,349.5,194.6,346.2,877.5,3481.3
0xsmoke0003,1770000905,0.53,0.55,0.45,0.47,327.7,251.1,151.3,376.6,2588.6,3854.2
0xsmoke0003,1770000910,0.47,0.49,0.51,0.53,89.5,294.1,330.2,464.8,4494.9,757.2
0xsmoke0003,1770000915,0.5,0.52,0.48,0.5,167.6,363.7,220.8,194.9,2697.3,2887.4
0xsmoke0003,1770000920,0.47,0.49,0.51,0.53,337.0,355.2,222.8,354.8,2054.2,3233.9
0xsmoke0003,1770000925,0.49,0.51,0.49,0.51,303.3,57.9,274.5,149.0,2236.2,832.0
0xsmoke0003,1770000930,0.52,0.54,0.46,0.48,452.1,209.6,97.3,329.1,1071.7,4512.3
0xsmoke0003,1770000935,0.46,0.48,0.52,0.54,212.8,272.6,103.0,193.4,1738.8,3709.9
0xsmoke0003,1770000940,0.57,0.59,0.41,0.43,213.3,405.8,113.2,311.0,2447.2,1796.8
0xsmoke0003,1770000945,0.5,0.52,0.48,0.5,385.9,110.3,181.6,418.8,4965.9,3252.0
0xsmoke0003,1770000950,0.47,0.49,0.51,0.53,492.9,383.2,340.1,149.6,2166.9,3306.0
0xsmoke0003,1770000955,0.52,0.54,0.46,0.48,185.8,227.8,60.0,363.5,2496.1,4089.8
0xsmoke0003,1770000960,0.5,0.52,0.48,0.5,346.8,352.9,258.9,134.9,2313.0,3852.7
0xsmoke0003,1770000965,0.53,0.55,0.45,0.47,90.5,258.3,155.5,410.2,4177.6,4753.8
0xsmoke0003,1770000970,0.49,0.51,0.49,0.51,341.3,134.2,420.4,377.6,3860.9,3638.5
0xsmoke0003,1770000975,0.6,0.62,0.38,0.4,184.0,352.6,282.8,202.0,1970.8,1199.6
0xsmoke0003,1770000980,0.49,0.51,0.49,0.51,215.9,239.7,433.3,356.7,3561.1,4928.2
0xsmoke0003,1770000985,0.64,0.66,0.34,0.36,278.6,91.6,226.8,477.7,886.6,3909.8
0xsmoke0003,1770000990,0.55,0.57,0.43,0.45,279.0,408.9,248.5,209.0,2775.8,1376.3
0xsmoke0003,1770000995,0.57,0.59,0.41,0.43,187.4,494.8,200.8,153.0,4729.0,1123.6
0xsmoke0003,1770001000,0.66,0.68,0.32,0.34,434.0,341.2,242.5,138.8,977.9,966.5
0xsmoke0003,1770001005,0.68,0.7,0.3,0.32,233.2,465.7,291.3,495.8,3744.0,1158.3
0xsmoke0003,1770001010,0.62,0.64,0.36,0.38,121.7,67.6,474.7,202.0,1353.1,958.1
0xsmoke0003,1770001015,0.57,0.59,0.41,0.43,257.5,55.3,371.8,165.5,4012.5,2698.7
0xsmoke0003,1770001020,0.54,0.56,0.44,0.46,255.7,354.2,495.5,409.0,811.0,2726.6
0xsmoke0003,1770001025,0.5,0.52,0.48,0.5,96.1,137.8,161.7,481.9,3851.9,4338.4
0xsmoke0003,1770001030,0.54,0.56,0.44,0.46,192.0,226.0,248.3,182.0,2396.5,3970.3
0xsmoke0003,1770001035,0.58,0.6,0.4,0.42,174.5,265.6,354.3,340.7,3762.4,973.7
0xsmoke0003,1770001040,0.6,0.62,0.38,0.4,189.0,176.8,390.0,497.0,3574.0,648.7
0xsmoke0003,1770001045,0.56,0.58,0.42,0.44,411.4,466.0,317.7,207.0,2098.0,3350.5
0xsmoke0003,1770001050,0.65,0.67,0.33,0.35,203.4,135.8,51.3,111.9,4330.3,3310.6
0xsmoke0003,1770001055,0.7,0.72,0.28,0.3,81.3,214.7,408.1,347.5,800.0,2306.5
0xsmoke0003,1770001060,0.67,0.69,0.31,0.33,359.5,253.3,134.7,484.7,2599.3,3728.0
0xsmoke0003,1770001065,0.69,0.71,0.29,0.31,86.3,156.5,78.4,135.8,1400.8,2366.9
0xsmoke0003,1770001070,0.74,0.76,0.24,0.26,213.1,417.6,59.6,96.5,4135.1,2902.8
0xsmoke0003,1770001075,0.72,0.74,0.26,0.28,170.3,294.0,149.7,436.3,4208.2,1948.3
0xsmoke0003,1770001080,0.72,0.74,0.26,0.28,449.5,184.4,345.6,436.2,4092.6,4381.3
0xsmoke0003,1770001085,0.67,0.69,0.31,0.33,429.0,257.5,168.7,266.4,2009.3,3952.2
0xsmoke0003,1770001090,0.8,0.82,0.18,0.2,113.5,124.0,222.6,258.5,4803.4,4737.6
0xsmoke0003,1770001095,0.79,0.81,0.19,0.21,378.4,354.8,171.7,217.7,512.1,4248.3
0xsmoke0003,1770001100,0.75,0.77,0.23,0.25,85.7,192.0,195.4,375.8,525.7,1535.1
0xsmoke0003,1770001105,0.79,0.81,0.19,0.21,434.7,333.1,301.5,150.2,4437.9,3923.2
0xsmoke0003,1770001110,0.78,0.8,0.2,0.22,122.5,147.1,220.7,199.0,774.8,2328.7
0xsmoke0003,1770001115,0.82,0.84,0.16,0.18,179.2,222.9,199.6,219.6,3285.6,2738.0
0xsmoke0003,1770001120,0.83,0.85,0.15,0.17,407.9,280.9,256.3,371.0,3884.6,4320.8
0xsmoke0003,1770001125,0.84,0.86,0.14,0.16,351.1,374.5,120.7,364.7,1645.1,1660.3
0xsmoke0003,1770001130,0.75,0.77,0.23,0.25,228.6,58.9,345.6,386.6,3990.0,1079.9
0xsmoke0003,1770001135,0.84,0.86,0.14,0.16,427.2,66.2,137.0,170.5,2578.9,1274.7
0xsmoke0003,1770001140,0.82,0.84,0.16,0.18,204.8,344.8,289.1,358.8,1608.5,3681.8
0xsmoke0003,1770001145,0.82,0.84,0.16,0.18,374.9,80.8,475.8,309.6,1725.4,2453.6
0xsmoke0003,1770001150,0.87,0.89,0.11,0.13,283.0,161.6,169.2,213.6,4014.2,2468.5
0xsmoke0003,1770001155,0.87,0.89,0.11,0.13,140.6,55.6,489.7,182.2,2918.7,2111.9
0xsmoke0003,1770001160,0.86,0.88,0.12,0.14,455.4,471.0,133.9,238.1,2181.4,1252.5
0xsmoke0003,1770001165,0.87,0.89,0.11,0.13,401.9,391.9,353.9,57.9,1533.2,2815.7
0xsmoke0003,1770001170,0.95,0.97,0.03,0.05,223.9,252.2,428.3,60.6,1708.7,1804.7
0xsmoke0003,1770001175,0.83,0.85,0.15,0.17,152.4,71.2,237.4,342.3,1190.4,4278.6
0xsmoke0003,1770001180,0.88,0.9,0.1,0.12,366.9,122.8,446.8,140.6,3791.1,4274.1
0xsmoke0003,1770001185,0.93,0.95,0.05,0.07,91.8,313.8,274.6,265.7,4016.0,2584.0
0xsmoke0003,1770001190,0.89,0.91,0.09,0.11,269.3,254.6,232.6,122.4,1828.9,1692.0
0xsmoke0003,1770001195,0.88,0.9,0.1,0.12,402.3,101.3,142.4,286.9,1906.4,1580.7
0xsmoke0003,1770001200,0.92,0.94,0.06,0.08,275.9,353.5,487.5,433.7,2435.0,2532.4
0xsmoke0004,1770001205,0.51,0.53,0.47,0.49,157.5,478.3,80.9,142.2,3478.9,3153.0
0xsmoke0004,1770001210,0.51,0.53,0.47,0.49,471.6,234.3,318.3,91.0,4509.0,963.5
0xsmoke0004,1770001215,0.51,0.53,0.47,0.49,448.5,475.2,456.8,422.4,1549.9,643.3
0xsmoke0004,1770001220,0.52,0.54,0.46,0.48,78.4,482.2,53.7,196.5,1414.8,561.6
0xsmoke0004,1770001225,0.43,0.45,0.55,0.57,84.2,455.0,359.4,216.5,4287.0,4085.9
0xsmoke0004,1770001230,0.54,0.56,0.44,0.46,431.3,468.2,329.0,208.3,4552.6,4742.9
0xsmoke0004,1770001235,0.48,0.5,0.5,0.52,88.8,440.5,349.2,154.4,3051.2,1886.9
0xsmoke0004,1770001240,0.55,0.57,0.43,0.45,204.0,138.3,69.4,204.1,4952.5,1482.5
0xsmoke0004,1770001245,0.51,0.53,0.47,0.49,487.4,53.0,182.8,419.5,930.8,4677.3
0xsmoke0004,1770001250,0.49,0.51,0.49,0.51,114.4,316.6,300.0,362.2,1880.8,2228.7
0xsmoke0004,1770001255,0.5,0.52,0.48,0.5,181.4,129.1,457.0,449.3,2120.1,3619.5
0xsmoke0004,1770001260,0.49,0.51,0.49,0.51,176.4,207.3,484.3,203.7,3104.0,4753.0
0xsmoke0004,1770001265,0.59,0.61,0.39,0.41,414.0,101.3,380.0,413.0,4268.5,4887.7
0xsmoke0004,1770001270,0.51,0.53,0.47,0.49,489.7,175.3,284.7,146.3,875.9,2475.2
0xsmoke0004,1770001275,0.53,0.55,0.45,0.47,400.3,57.6,474.0,161.3,1814.9,4245.9
0xsmoke0004,1770001280,0.58,0.6,0.4,0.42,381.4,199.8,258.3,425.6,2107.9,4123.9
0xsmoke0004,1770001285,0.57,0.59,0.41,0.43,260.9,453.4,223.0,387.5,3378.9,1990.6
0xsmoke0004,1770001290,0.6,0.62,0.38,0.4,322.7,291.6,99.8,496.2,4849.7,668.6
0xsmoke0004,1770001295,0.57,0.59,0.41,0.43,289.2,106.6,419.3,244.8,3709.4,4222.5
0xsmoke0004,1770001300,0.58,0.6,0.4,0.42,72.3,420.1,362.3,459.6,1715.6,4033.3
0xsmoke0004,1770001305,0.55,0.57,0.43,0.45,209.8,234.6,200.3,52.6,1542.0,1991.9
0xsmoke0004,1770001310,0.65,0.67,0.33,0.35,394.5,242.1,305.7,178.1,2121.6,3890.2
0xsmoke0004,1770001315,0.63,0.65,0.35,0.37,318.4,240.2,300.7,453.8,1703.3,2835.8
0xsmoke0004,1770001320,0.6,0.62,0.38,0.4,89.1,482.9,274.4,160.4,3921.9,4170.1
0xsmoke0004,1770001325,0.55,0.57,0.43,0.45,462.3,90.0,287.4,384.3,4625.7,3386.5
0xsmoke0004,1770001330,0.61,0.63,0.37,0.39,224.7,307.2,299.7,457.3,4222.0,3817.4
0xsmoke0004,1770001335,0.51,0.53,0.47,0.49,79.8,396.3,258.6,388.3,1832.8,2603.0
0xsmoke0004,1770001340,0.57,0.59,0.41,0.43,65.8,181.0,269.8,433.2,1715.1,4203.8
0xsmoke0004,1770001345,0.63,0.65,0.35,0.37,186.4,299.2,344.3,446.0,4457.6,1625.7
0xsmoke0004,1770001350,0.66,0.68,0.32,0.34,335.7,223.8,399.2,453.9,2656.4,4622.5
0xsmoke0004,1770001355,0.65,0.67,0.33,0.35,124.8,393.9,187.5,313.4,2736.8,1156.0
0xsmoke0004,1770001360,0.67,0.69,0.31,0.33,383.6,115.3,166.9,410.3,4605.0,4415.4
0xsmoke0004,1770001365,0.7,0.72,0.28,0.3,215.3,250.4,129.4,273.2,1539.0,1228.8
0xsmoke0004,1770001370,0.71,0.73,0.27,0.29,78.8,261.7,363.3,343.1,4888.7,4486.1
0xsmoke0004,1770001375,0.72,0.74,0.26,0.28,453.9,250.0,409.5,178.0,2870.2,4909.4
0xsmoke0004,1770001380,0.66,0.68,0.32,0.34,278.1,404.3,190.6,424.0,583.5,1572.2
0xsmoke0004,1770001385,0.76,0.78,0.22,0.24,165.8,475.5,60.8,184.4,3084.8,3663.9
0xsmoke0004,1770001390,0.76,0.78,0.22,0.24,222.5,149.1,433.6,104.9,792.6,1542.1
0xsmoke0004,1770001395,0.81,0.83,0.17,0.19,474.0,378.0,303.8,284.5,3620.4,3319.1
0xsmoke0004,1770001400,0.72,0.74,0.26,0.28,91.7,140.4,402.2,335.5,4087.3,700.2
0xsmoke0004,1770001405,0.76,0.78,0.22,0.24,222.0,466.8,317.5,296.3,4181.3,3314.4
0xsmoke0004,1770001410,0.81,0.83,0.17,0.19,120.9,322.0,210.4,84.0,1099.4,2659.1
0xsmoke0004,1770001415,0.8,0.82,0.18,0.2,394.4,105.1,56.2,498.6,1908.4,2794.1
0xsmoke0004,1770001420,0.76,0.78,0.22,0.24,144.0,231.0,405.4,67.6,4267.9,4956.2
0xsmoke0004,1770001425,0.79,0.81,0.19,0.21,212.0,155.3,132.3,195.5,4332.5,514.7
0xsmoke0004,1770001430,0.85,0.87,0.13,0.15,350.3,58.6,81.3,380.8,3529.3,1910.7
0xsmoke0004,1770001435,0.77,0.79,0.21,0.23,144.6,242.1,101.8,340.6,891.6,1307.7
0xsmoke0004,1770001440,0.84,0.86,0.14,0.16,275.1,347.8,380.3,322.9,1389.9,3643.2
0xsmoke0004,1770001445,0.8,0.82,0.18,0.2,171.4,251.7,101.5,97.7,3435.2,3838.8
0xsmoke0004,1770001450,0.93,0.95,0.05,0.07,225.4,143.4,284.7,311.2,4701.2,682.6
0xsmoke0004,1770001455,0.85,0.87,0.13,0.15,495.8,205.8,376.6,421.2,3430.1,1800.1
0xsmoke0004,1770001460,0.93,0.95,0.05,0.07,444.6,98.2,266.0,60.2,4302.3,4003.2
0xsmoke0004,1770001465,0.91,0.93,0.07,0.09,385.6,361.2,106.8,286.3,3602.1,2009.7
0xsmoke0004,1770001470,0.9,0.92,0.08,0.1,489.2,336.1,275.9,79.7,1045.3,4328.5
0xsmoke0004,1770001475,0.97,0.99,0.01,0.03,425.8,310.1,309.2,288.8,3807.9,1985.9
0xsmoke0004,1770001480,0.97,0.99,0.01,0.03,261.4,347.7,147.3,61.3,898.5,1306.6
0xsmoke0004,1770001485,0.95,0.97,0.03,0.05,372.6,387.5,249.9,96.2,2593.7,4383.4
0xsmoke0004,1770001490,0.94,0.96,0.04,0.06,334.3,218.4,117.5,332.0,2682.4,2055.3
0xsmoke0004,1770001495,0.95,0.97,0.03,0.05,363.2,193.1,309.2,166.9,3890.4,2187.3
0xsmoke0004,1770001500,0.92,0.94,0.06,0.08,467.4,373.3,381.3,202.7,4281.5,2235.9
0xsmoke0005,1770001505,0.46,0.48,0.52,0.54,453.2,346.6,424.2,294.8,3798.9,1061.5
0xsmoke0005,1770001510,0.46,0.48,0.52,0.54,410.1,114.1,159.2,308.7,3932.4,1169.8
0xsmoke0005,1770001515,0.52,0.54,0.46,0.48,205.7,497.7,388.7,268.5,2132.2,934.2
0xsmoke0005,1770001520,0.46,0.48,0.52,0.54,333.3,398.1,458.4,214.2,4719.3,1835.9
0xsmoke0005,1770001525,0.53,0.55,0.45,0.47,463.5,119.7,437.4,366.7,3661.0,4281.9
0xsmoke0005,1770001530,0.45,0.47,0.53,0.55,278.0,215.2,439.4,455.5,1222.5,3974.8
0xsmoke0005,1770001535,0.48,0.5,0.5,0.52,132.7,138.7,308.0,175.9,1590.3,943.2
0xsmoke0005,1770001540,0.5,0.52,0.48,0.5,398.3,59.7,267.2,321.3,723.3,1822.9
0xsmoke0005,1770001545,0.47,0.49,0.51,0.53,497.5,432.6,126.4,393.9,2528.9,1267.9
0xsmoke0005,1770001550,0.4,0.42,0.58,0.6,465.3,444.8,226.2,78.5,4552.5,4938.3
0xsmoke0005,1770001555,0.44,0.46,0.54,0.56,151.4,294.7,363.3,267.0,2086.5,1615.0
0xsmoke0005,1770001560,0.46,0.48,0.52,0.54,72.4,164.8,478.9,53.6,3773.6,4050.1
0xsmoke0005,1770001565,0.41,0.43,0.57,0.59,317.9,149.4,350.6,368.5,3805.6,2712.8
0xsmoke0005,1770001570,0.44,0.46,0.54,0.56,439.8,307.6,357.1,173.7,4746.3,3403.1
0xsmoke0005,1770001575,0.4,0.42,0.58,0.6,179.9,492.1,97.4,288.7,997.1,1354.0
0xsmoke0005,1770001580,0.41,0.43,0.57,0.59,79.7,222.2,136.2,432.6,870.7,2014.6
0xsmoke0005,1770001585,0.48,0.5,0.5,0.52,359.1,366.5,496.0,60.5,3491.7,3852.3
0xsmoke0005,1770001590,0.44,0.46,0.54,0.56,371.3,82.5,87.8,397.8,3253.0,1682.0
0xsmoke0005,1770001595,0.39,0.41,0.59,0.61,290.1,90.7,386.8,203.3,4133.7,930.0
0xsmoke0005,1770001600,0.42,0.44,0.56,0.58,94.9,401.2,302.0,155.6,4832.8,3569.0
0xsmoke0005,1770001605,0.43,0.45,0.55,0.57,434.9,221.0,474.1,183.7,4929.6,781.2
0xsmoke0005,1770001610,0.42,0.44,0.56,0.58,181.1,240.8,336.3,70.6,1505.9,968.1
0xsmoke0005,1770001615,0.36,0.38,0.62,0.64,149.6,274.2,197.8,156.3,4708.3,2783.7
0xsmoke0005,1770001620,0.42,0.44,0.56,0.58,367.0,419.5,168.4,85.4,2602.6,1265.0
0xsmoke0005,1770001625,0.42,0.44,0.56,0.58,463.9,332.0,236.5,111.4,3925.6,2898.5
0xsmoke0005,1770001630,0.43,0.45,0.55,0.57,492.0,477.9,467.2,422.0,2892.1,1852.0
0xsmoke0005,1770001635,0.45,0.47,0.53,0.55,118.1,327.6,79.7,56.1,3719.8,2042.2
0xsmoke0005,1770001640,0.46,0.48,0.52,0.54,401.0,425.9,327.1,431.0,3464.9,4672.8
0xsmoke0005,1770001645,0.39,0.41,0.59,0.61,69.5,170.4,225.0,163.5,1296.0,4430.6
0xsmoke0005,1770001650,0.35,0.37,0.63,0.65,131.8,392.1,150.5,166.3,4853.6,3931.9
0xsmoke0005,1770001655,0.32,0.34,0.66,0.68,111.3,171.1,491.5,406.0,814.5,3680.8
0xsmoke0005,1770001660,0.3,0.32,0.68,0.7,374.0,183.0,108.6,58.9,1830.6,4371.5
0xsmoke0005,1770001665,0.29,0.31,0.69,0.71,357.4,386.5,137.6,209.4,4546.5,4938.3
0xsmoke0005,1770001670,0.31,0.33,0.67,0.69,399.2,470.1,498.7,183.1,3443.3,2254.9
0xsmoke0005,1770001675,0.21,0.23,0.77,0.79,257.9,175.3,58.6,394.9,3631.9,4282.7
0xsmoke0005,1770001680,0.24,0.26,0.74,0.76,156.7,318.3,471.5,262.3,1403.7,3176.1
0xsmoke0005,1770001685,0.21,0.23,0.77,0.79,440.6,454.5,234.7,168.0,4417.6,4046.4
0xsmoke0005,1770001690,0.25,0.27,0.73,0.75,226.1,178.8,158.1,441.8,4637.4,2152.2
0xsmoke0005,1770001695,0.28,0.3,0.7,0.72,251.6,304.9,149.6,170.4,1699.9,1670.3
0xsmoke0005,1770001700,0.21,0.23,0.77,0.79,95.2,401.2,128.7,249.8,3388.2,1121.1
0xsmoke0005,1770001705,0.19,0.21,0.79,0.81,303.4,297.6,451.6,403.3,1044.1,4249.5
0xsmoke0005,1770001710,0.16,0.18,0.82,0.84,355.2,122.0,262.4,365.0,4088.5,4126.2
0xsmoke0005,1770001715,0.14,0.16,0.84,0.86,424.7,305.8,350.9,433.2,2324.6,4638.4
0xsmoke0005,1770001720,0.18,0.2,0.8,0.82,413.5,221.0,287.7,127.9,3917.2,4509.2
0xsmoke0005,1770001725,0.16,0.18,0.82,0.84,385.1,362.4,66.4,462.6,2656.2,1711.3
0xsmoke0005,1770001730,0.17,0.19,0.81,0.83,401.8,202.0,281.1,137.6,3231.5,2287.6
0xsmoke0005,1770001735,0.12,0.14,0.86,0.88,349.8,374.8,163.0,78.7,4459.8,4710.4
0xsmoke0005,1770001740,0.13,0.15,0.85,0.87,464.8,367.8,322.6,238.6,2100.2,2703.5
0xsmoke0005,1770001745,0.19,0.21,0.79,0.81,242.5,278.4,64.0,227.1,1780.1,3353.7
0xsmoke0005,1770001750,0.09,0.11,0.89,0.91,326.5,348.8,326.3,165.3,2193.3,4298.9
0xsmoke0005,1770001755,0.13,0.15,0.85,0.87,131.5,54.8,482.7,436.8,3234.2,4176.1
0xsmoke0005,1770001760,0.12,0.14,0.86,0.88,457.2,159.5,249.9,351.8,1470.3,3716.7
0xsmoke0005,1770001765,0.09,0.11,0.89,0.91,369.5,411.9,240.9,495.6,3341.2,3904.6
0xsmoke0005,1770001770,0.09,0.11,0.89,0.91,100.8,370.2,474.4,332.7,4607.8,766.3
0xsmoke0005,1770001775,0.07,0.09,0.91,0.93,444.8,333.0,243.3,367.2,1597.6,3504.4
0xsmoke0005,1770001780,0.1,0.12,0.88,0.9,293.0,167.0,50.9,138.1,4252.0,1455.2
0xsmoke0005,1770001785,0.06,0.08,0.92,0.94,161.0,283.6,313.8,444.7,4346.4,4859.3
0xsmoke0005,1770001790,0.04,0.06,0.94,0.96,252.6,113.8,480.1,152.9,3299.5,1690.1
0xsmoke0005,1770001795,0.01,0.03,0.97,0.99,140.3,239.4,148.9,437.3,3287.4,3338.7
0xsmoke0005,1770001800,0.01,0.03,0.97,0.99,129.4,435.8,394.1,380.5,4987.1,3017.9
0xsmoke0006,1770001805,0.47,0.49,0.51,0.53,324.3,179.3,280.8,256.7,3035.9,4646.2
0xsmoke0006,1770001810,0.52,0.54,0.46,0.48,236.8,417.8,437.2,398.3,2981.2,4547.1
0xsmoke0006,1770001815,0.44,0.46,0.54,0.56,97.7,172.5,345.9,220.6,2402.7,2309.9
0xsmoke0006,1770001820,0.52,0.54,0.46,0.48,92.1,72.1,352.6,195.8,2555.9,4708.4
0xsmoke0006,1770001825,0.51,0.53,0.47,0.49,414.8,393.0,479.2,80.1,2228.6,4773.3
0xsmoke0006,1770001830,0.55,0.57,0.43,0.45,476.5,133.2,77.1,453.0,2350.6,2787.2
0xsmoke0006,1770001835,0.49,0.51,0.49,0.51,148.7,485.7,228.4,161.3,1551.7,2833.0
0xsmoke0006,1770001840,0.58,0.6,0.4,0.42,448.7,72.9,69.8,118.8,3225.5,4016.1
0xsmoke0006,1770001845,0.49,0.51,0.49,0.51,326.2,339.1,58.7,160.8,4989.9,1988.5
0xsmoke0006,1770001850,0.56,0.58,0.42,0.44,271.5,150.2,51.1,147.9,1946.8,2476.9
0xsmoke0006,1770001855,0.58,0.6,0.4,0.42,296.8,263.4,64.8,170.1,4829.1,623.4
0xsmoke0006,1770001860,0.53,0.55,0.45,0.47,264.4,368.1,199.6,216.6,2825.5,4593.5
0xsmoke0006,1770001865,0.58,0.6,0.4,0.42,88.6,67.2,446.7,191.2,1037.9,3183.9
0xsmoke0006,1770001870,0.6,0.62,0.38,0.4,319.8,118.3,232.6,169.9,574.6,4845.6
0xsmoke0006,1770001875,0.52,0.54,0.46,0.48,110.6,448.2,493.3,417.2,1641.4,1357.4
0xsmoke0006,1770001880,0.59,0.61,0.39,0.41,312.6,445.3,485.3,459.7,2039.4,3135.2
0xsmoke0006,1770001885,0.53,0.55,0.45,0.47,283.5,81.8,100.1,104.9,1856.4,1893.6
0xsmoke0006,1770001890,0.56,0.58,0.42,0.44,84.2,100.0,345.3,352.8,3697.0,3740.6
0xsmoke0006,1770001895,0.6,0.62,0.38,0.4,298.7,383.6,86.7,145.3,3836.5,1366.5
0xsmoke0006,1770001900,0.61,0.63,0.37,0.39,167.1,244.1,425.4,347.3,2503.3,1730.9
0xsmoke0006,1770001905,0.64,0.66,0.34,0.36,345.7,248.0,441.2,361.6,4912.6,3489.7
0xsmoke0006,1770001910,0.59,0.61,0.39,0.41,297.7,369.5,429.1,90.7,2634.0,3225.2
0xsmoke0006,1770001915,0.56,0.58,0.42,0.44,405.2,372.0,471.3,217.4,2611.2,4603.5
0xsmoke0006,1770001920,0.59,0.61,0.39,0.41,425.5,239.6,202.0,174.8,1460.7,2441.4
0xsmoke0006,1770001925,0.54,0.56,0.44,0.46,422.6,488.5,93.8,74.7,516.8,4694.3
0xsmoke0006,1770001930,0.57,0.59,0.41,0.43,356.1,186.7,139.2,160.9,3603.5,580.9
0xsmoke0006,1770001935,0.5,0.52,0.48,0.5,305.5,156.0,143.8,344.6,3332.0,1931.5
0xsmoke0006,1770001940,0.59,0.61,0.39,0.41,258.5,459.7,292.2,428.0,3383.8,3029.5
0xsmoke0006,1770001945,0.65,0.67,0.33,0.35,356.3,271.2,376.7,131.9,1950.4,4429.3
0xsmoke0006,1770001950,0.62,0.64,0.36,0.38,429.4,472.1,310.3,95.8,3906.2,3496.4
0xsmoke0006,1770001955,0.67,0.69,0.31,0.33,438.3,267.2,75.7,80.6,1527.5,3244.2
0xsmoke0006,1770001960,0.63,0.65,0.35,0.37,94.6,60.0,330.1,234.3,2487.3,4193.2
0xsmoke0006,1770001965,0.68,0.7,0.3,0.32,485.3,400.6,51.5,117.7,3142.7,4798.8
0xsmoke0006,1770001970,0.69,0.71,0.29,0.31,281.7,228.4,233.1,170.9,1718.4,1572.6
0xsmoke0006,1770001975,0.65,0.67,0.33,0.35,299.3,250.7,370.8,338.0,4787.6,2028.3
0xsmoke0006,1770001980,0.73,0.75,0.25,0.27,223.1,347.3,412.2,228.6,2507.7,3340.6
0xsmoke0006,1770001985,0.81,0.83,0.17,0.19,289.3,92.7,151.2,330.4,4874.7,4997.1
0xsmoke0006,1770001990,0.75,0.77,0.23,0.25,115.8,283.4,248.6,220.7,3958.1,3693.6
0xsmoke0006,1770001995,0.73,0.75,0.25,0.27,329.7,311.8,354.6,467.5,4760.0,4907.7
0xsmoke0006,1770002000,0.78,0.8,0.2,0.22,97.1,253.3,401.7,182.4,3230.3,748.6
0xsmoke0006,1770002005,0.82,0.84,0.16,0.18,230.1,81.6,240.9,153.6,4378.0,1934.7
0xsmoke0006,1770002010,0.78,0.8,0.2,0.22,410.9,301.9,72.5,147.9,3248.9,1397.1
0xsmoke0006,1770002015,0.7,0.72,0.28,0.3,330.3,272.6,171.1,301.6,3351.9,677.2
0xsmoke0006,1770002020,0.81,0.83,0.17,0.19,188.5,445.4,73.1,206.2,1375.5,3628.1
0xsmoke0006,1770002025,0.78,0.8,0.2,0.22,75.8,438.5,363.2,147.6,4621.2,1818.7
0xsmoke0006,1770002030,0.8,0.82,0.18,0.2,83.7,255.2,277.6,453.5,4264.4,2958.7
0xsmoke0006,1770002035,0.87,0.89,0.11,0.13,243.5,218.9,498.0,356.3,2322.8,2141.7
0xsmoke0006,1770002040,0.85,0.87,0.13,0.15,93.1,417.7,351.9,245.9,3696.5,2290.2
0xsmoke0006,1770002045,0.84,0.86,0.14,0.16,237.6,73.1,89.2,247.6,4212.8,1416.5
0xsmoke0006,1770002050,0.86,0.88,0.12,0.14,490.5,422.4,455.9,353.7,3150.8,3118.3
0xsmoke0006,1770002055,0.79,0.81,0.19,0.21,259.2,212.3,157.4,79.4,2161.1,3964.6
0xsmoke0006,1770002060,0.89,0.91,0.09,0.11,123.8,416.4,68.7,469.0,3433.1,3002.5
0xsmoke0006,1770002065,0.9,0.92,0.08,0.1,421.3,53.1,57.2,284.1,1836.8,2307.0
0xsmoke0006,1770002070,0.87,0.89,0.11,0.13,69.7,492.4,354.9,94.5,3823.7,2898.1
0xsmoke0006,1770002075,0.93,0.95,0.05,0.07,382.0,496.1,103.3,498.3,2645.9,1404.2
0xsmoke0006,1770002080,0.91,0.93,0.07,0.09,285.9,80.0,371.7,274.0,4165.7,709.1
0xsmoke0006,1770002085,0.89,0.91,0.09,0.11,451.8,53.7,264.6,104.7,2882.4,901.4
0xsmoke0006,1770002090,0.94,0.96,0.04,0.06,132.6,350.7,344.1,194.4,1465.1,4618.6
0xsmoke0006,1770002095,0.97,0.99,0.01,0.03,164.4,197.0,312.9,216.1,1001.1,3066.5
0xsmoke0006,1770002100,0.97,0.99,0.01,0.03,367.2,270.3,188.1,54.6,2897.6,3328.4
0xsmoke0007,1770002105,0.54,0.56,0.44,0.46,481.6,141.0,416.3,373.5,4547.0,4660.5
0xsmoke0007,1770002110,0.54,0.56,0.44,0.46,464.8,231.5,355.6,478.8,3179.1,3123.2
0xsmoke0007,1770002115,0.48,0.5,0.5,0.52,318.5,158.5,224.7,220.0,4880.1,3370.1
0xsmoke0007,1770002120,0.45,0.47,0.53,0.55,127.7,186.9,444.9,104.1,4789.0,2423.3
0xsmoke0007,1770002125,0.51,0.53,0.47,0.49,281.6,249.5,261.7,240.8,3657.9,1743.3
0xsmoke0007,1770002130,0.55,0.57,0.43,0.45,245.5,89.7,251.3,272.5,4029.5,990.7
0xsmoke0007,1770002135,0.53,0.55,0.45,0.47,401.3,202.2,426.3,373.3,687.7,2233.8
0xsmoke0007,1770002140,0.52,0.54,0.46,0.48,286.9,352.8,495.5,353.9,2957.2,4307.5
0xsmoke0007,1770002145,0.51,0.53,0.47,0.49,54.7,172.6,317.6,476.7,3232.1,1776.7
0xsmoke0007,1770002150,0.48,0.5,0.5,0.52,230.1,152.5,298.8,204.8,1002.0,3707.5
0xsmoke0007,1770002155,0.5,0.52,0.48,0.5,487.5,111.6,459.7,408.7,1638.9,2656.7
0xsmoke0007,1770002160,0.55,0.57,0.43,0.45,191.7,98.4,426.7,124.1,2708.2,2469.7
0xsmoke0007,1770002165,0.55,0.57,0.43,0.45,301.5,241.0,489.6,208.6,3769.2,1552.8
0xsmoke0007,1770002170,0.56,0.58,0.42,0.44,388.1,422.7,268.1,150.0,3343.9,4596.0
0xsmoke0007,1770002175,0.59,0.61,0.39,0.41,59.1,133.2,469.8,52.7,742.4,942.5
0xsmoke0007,1770002180,0.57,0.59,0.41,0.43,222.5,361.2,367.6,245.3,3795.7,2575.5
0xsmoke0007,1770002185,0.55,0.57,0.43,0.45,188.1,50.9,317.0,169.5,1738.2,4454.6
0xsmoke0007,1770002190,0.66,0.68,0.32,0.34,96.1,333.7,292.3,75.9,2070.1,3250.4
0xsmoke0007,1770002195,0.58,0.6,0.4,0.42,493.8,409.5,276.9,462.0,656.3,1510.4
0xsmoke0007,1770002200,0.61,0.63,0.37,0.39,278.9,126.6,306.5,378.6,3215.4,706.5
0xsmoke0007,1770002205,0.61,0.63,0.37,0.39,233.2,57.3,87.8,339.2,2473.0,884.8
0xsmoke0007,1770002210,0.6,0.62,0.38,0.4,215.8,447.4,324.2,329.4,2408.1,3524.0
0xsmoke0007,1770002215,0.49,0.51,0.49,0.51,165.8,443.7,141.7,223.7,3851.2,1985.0
0xsmoke0007,1770002220,0.64,0.66,0.34,0.36,459.1,142.9,158.5,449.0,1738.6,1987.7
0xsmoke0007,1770002225,0.55,0.57,0.43,0.45,194.5,498.6,419.6,431.0,1515.5,1476.8
0xsmoke0007,1770002230,0.54,0.56,0.44,0.46,422.0,151.0,142.7,159.6,1119.3,2395.4
0xsmoke0007,1770002235,0.54,0.56,0.44,0.46,332.7,74.9,136.5,102.7,1715.0,1336.0
0xsmoke0007,1770002240,0.51,0.53,0.47,0.49,218.0,112.5,349.9,487.8,4074.9,3416.9
0xsmoke0007,1770002245,0.58,0.6,0.4,0.42,231.5,186.0,412.8,411.5,2702.3,4378.7
0xsmoke0007,1770002250,0.61,0.63,0.37,0.39,358.5,170.9,158.7,152.5,4606.3,4101.1
0xsmoke0007,1770002255,0.65,0.67,0.33,0.35,420.2,412.2,246.2,394.5,1249.9,3451.0
0xsmoke0007,1770002260,0.7,0.72,0.28,0.3,484.6,445.8,124.2,395.9,4206.4,689.0
0xsmoke0007,1770002265,0.72,0.74,0.26,0.28,239.0,328.4,448.9,375.3,1450.2,2996.2
0xsmoke0007,1770002270,0.69,0.71,0.29,0.31,55.1,109.3,211.8,130.1,1567.7,3542.5
0xsmoke0007,1770002275,0.79,0.81,0.19,0.21,256.1,340.7,392.6,352.8,3456.6,505.3
0xsmoke0007,1770002280,0.79,0.81,0.19,0.21,122.6,131.2,279.4,314.1,3900.1,1818.2
0xsmoke0007,1770002285,0.77,0.79,0.21,0.23,332.7,429.9,264.7,82.0,554.5,3381.1
0xsmoke0007,1770002290,0.77,0.79,0.21,0.23,248.2,196.7,130.2,263.2,1646.6,4517.4
0xsmoke0007,1770002295,0.73,0.75,0.25,0.27,485.5,437.1,222.6,397.8,3113.2,2596.7
0xsmoke0007,1770002300,0.74,0.76,0.24,0.26,423.9,140.7,457.7,64.4,524.9,2676.5
0xsmoke0007,1770002305,0.8,0.82,0.18,0.2,240.2,265.6,260.7,458.5,4631.9,2057.9
0xsmoke0007,1770002310,0.8,0.82,0.18,0.2,344.3,139.3,230.2,373.1,525.6,3973.2
0xsmoke0007,1770002315,0.72,0.74,0.26,0.28,224.3,161.5,293.0,183.0,4194.9,3157.7
0xsmoke0007,1770002320,0.78,0.8,0.2,0.22,413.5,323.4,109.4,236.3,2703.8,4751.3
0xsmoke0007,1770002325,0.82,0.84,0.16,0.18,251.8,489.6,241.8,422.2,936.3,2272.2
0xsmoke0007,1770002330,0.85,0.87,0.13,0.15,447.8,298.7,148.3,91.5,2394.1,933.8
0xsmoke0007,1770002335,0.87,0.89,0.11,0.13,378.0,189.7,125.4,212.7,1247.7,4297.3
0xsmoke0007,1770002340,0.87,0.89,0.11,0.13,383.4,200.2,377.8,396.9,1107.7,3904.3
0xsmoke0007,1770002345,0.84,0.86,0.14,0.16,305.2,340.2,195.2,128.5,3849.7,4192.1
0xsmoke0007,1770002350,0.8,0.82,0.18,0.2,101.0,208.5,331.7,214.3,4838.1,4061.6
0xsmoke0007,1770002355,0.85,0.87,0.13,0.15,319.8,390.1,477.9,66.0,3087.1,1341.9
0xsmoke0007,1770002360,0.86,0.88,0.12,0.14,154.7,383.7,199.7,343.2,3555.3,4589.7
0xsmoke0007,1770002365,0.87,0.89,0.11,0.13,247.0,360.1,132.1,94.1,3713.3,4580.8
0xsmoke0007,1770002370,0.86,0.88,0.12,0.14,282.5,333.3,378.5,306.2,2133.8,4328.4
0xsmoke0007,1770002375,0.88,0.9,0.1,0.12,456.7,409.7,406.9,425.2,4940.7,4954.4
0xsmoke0007,1770002380,0.92,0.94,0.06,0.08,219.8,379.9,485.6,333.5,615.7,673.5
0xsmoke0007,1770002385,0.96,0.98,0.02,0.04,404.5,449.4,218.8,282.7,2808.7,925.6
0xsmoke0007,1770002390,0.94,0.96,0.04,0.06,285.7,276.9,438.6,131.8,4336.4,1720.7
0xsmoke0007,1770002395,0.92,0.94,0.06,0.08,368.2,115.4,475.9,481.0,4865.0,510.1
0xsmoke0007,1770002400,0.96,0.98,0.02,0.04,352.0,446.0,140.7,105.8,4142.5,1677.7
0xsmoke0008,1770002405,0.52,0.54,0.46,0.48,91.4,340.3,291.1,386.6,4132.0,512.2
0xsmoke0008,1770002410,0.52,0.54,0.46,0.48,445.9,469.9,395.9,222.7,1616.7,4606.1
0xsmoke0008,1770002415,0.52,0.54,0.46,0.48,269.6,364.3,359.8,362.0,3306.2,2788.8
0xsmoke0008,1770002420,0.51,0.53,0.47,0.49,228.1,168.1,459.1,430.7,3730.8,1257.2
0xsmoke0008,1770002425,0.52,0.54,0.46,0.48,465.1,474.3,172.6,333.3,582.7,2271.5
0xsmoke0008,1770002430,0.48,0.5,0.5,0.52,212.5,413.2,460.8,111.7,3596.8,2192.0
0xsmoke0008,1770002435,0.55,0.57,0.43,0.45,207.2,266.8,453.2,394.4,523.3,754.0
0xsmoke0008,1770002440,0.45,0.47,0.53,0.55,300.5,324.6,208.7,424.1,3006.6,3166.7
0xsmoke0008,1770002445,0.59,0.61,0.39,0.41,146.4,111.8,318.8,424.5,1818.8,1859.5
0xsmoke0008,1770002450,0.53,0.55,0.45,0.47,321.4,396.8,106.5,290.8,2928.8,980.4
0xsmoke0008,1770002455,0.55,0.57,0.43,0.45,172.3,139.6,493.5,90.7,2045.4,3283.9
0xsmoke0008,1770002460,0.54,0.56,0.44,0.46,58.1,439.8,157.6,235.4,4588.4,4863.0
0xsmoke0008,1770002465,0.53,0.55,0.45,0.47,235.0,384.9,431.8,138.8,4862.6,956.3
0xsmoke0008,1770002470,0.55,0.57,0.43,0.45,157.6,146.8,111.8,473.9,1077.2,4606.2
0xsmoke0008,1770002475,0.55,0.57,0.43,0.45,198.2,145.2,494.6,91.8,4375.3,1852.0
0xsmoke0008,1770002480,0.53,0.55,0.45,0.47,387.7,168.7,279.5,122.5,2332.3,618.4
0xsmoke0008,1770002485,0.59,0.61,0.39,0.41,317.0,172.3,56.0,472.6,1062.1,1974.8
0xsmoke0008,1770002490,0.6,0.62,0.38,0.4,222.5,230.8,290.1,195.6,1623.9,4036.0
0xsmoke0008,1770002495,0.61,0.63,0.37,0.39,199.4,271.0,173.2,377.0,878.0,1954.1
0xsmoke0008,1770002500,0.62,0.64,0.36,0.38,166.1,427.9,209.3,239.3,2609.6,4235.8
0xsmoke0008,1770002505,0.56,0.58,0.42,0.44,423.0,476.8,169.7,126.2,4049.3,1907.8
0xsmoke0008,1770002510,0.52,0.54,0.46,0.48,85.1,326.2,471.6,446.6,3149.6,2473.7
0xsmoke0008,1770002515,0.56,0.58,0.42,0.44,347.1,480.3,359.7,363.6,3654.8,1065.5
0xsmoke0008,1770002520,0.57,0.59,0.41,0.43,79.6,469.6,497.5,322.3,1202.0,1059.6
0xsmoke0008,1770002525,0.52,0.54,0.46,0.48,225.9,138.0,90.1,341.3,4065.3,783.9
0xsmoke0008,1770002530,0.52,0.54,0.46,0.48,185.2,294.0,322.0,234.7,4396.7,2258.6
0xsmoke0008,1770002535,0.55,0.57,0.43,0.45,395.0,428.9,444.8,126.2,1386.3,2581.7
0xsmoke0008,1770002540,0.6,0.62,0.38,0.4,329.2,330.5,197.0,495.7,1321.7,3016.8
0xsmoke0008,1770002545,0.61,0.63,0.37,0.39,414.5,416.1,223.9,171.9,4908.9,2988.2
0xsmoke0008,1770002550,0.64,0.66,0.34,0.36,112.2,411.4,431.8,306.4,2228.0,3468.7
0xsmoke0008,1770002555,0.63,0.65,0.35,0.37,310.2,404.2,446.9,390.6,2689.5,1302.4
0xsmoke0008,1770002560,0.68,0.7,0.3,0.32,424.2,483.3,118.5,101.2,3363.1,4222.0
0xsmoke0008,1770002565,0.69,0.71,0.29,0.31,169.9,499.6,212.6,86.9,4022.1,1853.2
0xsmoke0008,1770002570,0.74,0.76,0.24,0.26,108.7,198.9,110.0,165.8,3104.2,1845.3
0xsmoke0008,1770002575,0.74,0.76,0.24,0.26,455.5,309.4,62.9,481.9,1390.2,2057.7
0xsmoke0008,1770002580,0.72,0.74,0.26,0.28,328.5,203.9,248.2,332.1,2557.1,1775.1
0xsmoke0008,1770002585,0.76,0.78,0.22,0.24,223.1,181.4,320.3,280.5,2351.9,3692.4
0xsmoke0008,1770002590,0.76,0.78,0.22,0.24,342.0,203.5,471.5,96.9,4124.9,2395.7
0xsmoke0008,1770002595,0.75,0.77,0.23,0.25,429.4,344.9,488.2,445.1,1023.2,2764.2
0xsmoke0008,1770002600,0.77,0.79,0.21,0.23,87.2,294.1,496.8,157.6,1025.6,1802.4
0xsmoke0008,1770002605,0.72,0.74,0.26,0.28,178.6,244.4,425.0,282.8,3151.7,990.7
0xsmoke0008,1770002610,0.82,0.84,0.16,0.18,477.9,206.2,476.3,201.0,3378.1,3476.9
0xsmoke0008,1770002615,0.81,0.83,0.17,0.19,81.9,248.8,107.3,183.1,1381.3,1908.2
0xsmoke0008,1770002620,0.78,0.8,0.2,0.22,190.1,200.9,268.7,357.2,689.0,4988.8
0xsmoke0008,1770002625,0.84,0.86,0.14,0.16,465.4,53.3,75.9,94.6,4607.3,2354.1
0xsmoke0008,1770002630,0.87,0.89,0.11,0.13,362.6,89.5,212.8,199.2,2538.8,3892.2
0xsmoke0008,1770002635,0.8,0.82,0.18,0.2,466.9,264.5,214.6,364.0,1744.3,3706.1
0xsmoke0008,1770002640,0.83,0.85,0.15,0.17,265.2,135.1,141.4,437.6,3093.5,2400.3
0xsmoke0008,1770002645,0.84,0.86,0.14,0.16,460.4,121.5,499.1,56.4,3262.8,1686.4
0xsmoke0008,1770002650,0.86,0.88,0.12,0.14,272.6,321.9,246.6,371.3,4776.3,1259.9
0xsmoke0008,1770002655,0.81,0.83,0.17,0.19,324.3,234.6,191.9,277.0,3635.8,4589.0
0xsmoke0008,1770002660,0.89,0.91,0.09,0.11,418.8,206.0,447.7,369.5,1285.2,4789.6
0xsmoke0008,1770002665,0.93,0.95,0.05,0.07,357.0,362.5,458.6,349.9,4924.1,768.8
0xsmoke0008,1770002670,0.93,0.95,0.05,0.07,138.0,308.9,240.8,87.1,1409.0,3106.6
0xsmoke0008,1770002675,0.92,0.94,0.06,0.08,393.5,260.1,445.0,391.4,2725.0,2110.9
0xsmoke0008,1770002680,0.88,0.9,0.1,0.12,181.4,209.8,212.6,130.6,2629.5,1003.2
0xsmoke0008,1770002685,0.91,0.93,0.07,0.09,92.8,197.5,164.9,120.3,2662.9,1324.7
0xsmoke0008,1770002690,0.95,0.97,0.03,0.05,366.0,243.3,352.4,261.5,2767.9,1898.1
0xsmoke0008,1770002695,0.93,0.95,0.05,0.07,266.4,204.1,421.8,160.8,1492.4,2049.1
0xsmoke0008,1770002700,0.97,0.99,0.01,0.03,431.4,304.3,212.3,342.0,4219.1,1593.0
0xsmoke0009,1770002705,0.5,0.52,0.48,0.5,369.4,225.6,115.2,323.3,1445.8,2156.1
0xsmoke0009,1770002710,0.53,0.55,0.45,0.47,483.2,115.9,83.2,292.5,4743.9,707.9
0xsmoke0009,1770002715,0.51,0.53,0.47,0.49,62.3,298.0,103.6,346.6,2124.4,3445.6
0xsmoke0009,1770002720,0.5,0.52,0.48,0.5,83.7,131.8,173.3,124.1,1393.0,2948.8
0xsmoke0009,1770002725,0.49,0.51,0.49,0.51,421.4,273.9,292.8,369.6,4340.4,3131.2
0xsmoke0009,1770002730,0.49,0.51,0.49,0.51,256.6,64.5,322.2,79.3,2928.2,1174.6
0xsmoke0009,1770002735,0.47,0.49,0.51,0.53,92.4,346.7,366.7,173.8,3167.5,1984.6
0xsmoke0009,1770002740,0.53,0.55,0.45,0.47,166.8,57.1,352.8,82.3,1386.5,891.3
0xsmoke0009,1770002745,0.51,0.53,0.47,0.49,288.3,260.3,312.5,413.7,3308.4,2809.7
0xsmoke0009,1770002750,0.55,0.57,0.43,0.45,282.5,494.3,306.4,264.7,4497.3,745.4
0xsmoke0009,1770002755,0.58,0.6,0.4,0.42,405.2,474.0,72.9,60.8,543.9,3096.4
0xsmoke0009,1770002760,0.56,0.58,0.42,0.44,302.6,348.7,57.0,441.6,1636.6,2992.9
0xsmoke0009,1770002765,0.63,0.65,0.35,0.37,204.5,231.5,51.7,243.0,1692.6,2108.3
0xsmoke0009,1770002770,0.53,0.55,0.45,0.47,200.7,364.7,492.7,138.7,4400.1,3266.4
0xsmoke0009,1770002775,0.61,0.63,0.37,0.39,56.6,447.8,155.3,97.8,3450.0,3679.7
0xsmoke0009,1770002780,0.59,0.61,0.39,0.41,275.1,190.4,193.2,142.1,3358.6,4740.2
0xsmoke0009,1770002785,0.57,0.59,0.41,0.43,224.0,208.3,86.1,317.7,4923.5,1745.1
0xsmoke0009,1770002790,0.58,0.6,0.4,0.42,455.3,171.8,463.5,386.8,3405.4,1373.6
0xsmoke0009,1770002795,0.61,0.63,0.37,0.39,95.7,453.1,414.0,89.0,2889.6,1458.9
0xsmoke0009,1770002800,0.59,0.61,0.39,0.41,307.9,475.4,377.2,95.3,2177.5,3093.2
0xsmoke0009,1770002805,0.59,0.61,0.39,0.41,216.9,134.6,177.5,161.7,1195.2,2047.6
0xsmoke0009,1770002810,0.69,0.71,0.29,0.31,279.7,452.4,479.4,121.7,3062.4,3532.3
0xsmoke0009,1770002815,0.58,0.6,0.4,0.42,289.3,140.0,213.8,195.8,4167.3,1553.5
0xsmoke0009,1770002820,0.58,0.6,0.4,0.42,313.5,198.4,468.2,199.5,1967.9,3616.7
0xsmoke0009,1770002825,0.6,0.62,0.38,0.4,376.2,118.8,116.6,381.2,2248.4,4357.1
0xsmoke0009,1770002830,0.49,0.51,0.49,0.51,158.1,438.5,212.8,99.4,1491.4,3963.0
0xsmoke0009,1770002835,0.55,0.57,0.43,0.45,300.1,425.6,324.7,388.7,4896.2,1846.4
0xsmoke0009,1770002840,0.55,0.57,0.43,0.45,298.0,140.6,109.4,197.6,1119.5,3972.8
0xsmoke0009,1770002845,0.57,0.59,0.41,0.43,69.9,445.2,318.2,249.3,1134.2,2614.3
0xsmoke0009,1770002850,0.64,0.66,0.34,0.36,313.0,256.6,323.6,297.8,3306.3,1395.4
0xsmoke0009,1770002855,0.63,0.65,0.35,0.37,55.6,424.3,51.5,165.3,3134.0,2749.1
0xsmoke0009,1770002860,0.69,0.71,0.29,0.31,145.9,101.3,122.2,274.0,1810.6,2549.3
0xsmoke0009,1770002865,0.67,0.69,0.31,0.33,194.6,349.3,58.8,295.8,4583.0,4703.7
0xsmoke0009,1770002870,0.7,0.72,0.28,0.3,492.4,155.9,183.9,251.6,2790.1,4187.6
0xsmoke0009,1770002875,0.68,0.7,0.3,0.32,71.6,364.9,150.2,447.0,1454.0,1830.8
0xsmoke0009,1770002880,0.74,0.76,0.24,0.26,186.2,320.4,170.3,71.8,3138.5,3807.2
0xsmoke0009,1770002885,0.78,0.8,0.2,0.22,240.9,80.7,57.6,218.5,1789.4,4438.7
0xsmoke0009,1770002890,0.76,0.78,0.22,0.24,340.9,380.1,237.7,275.3,1612.0,1635.7
0xsmoke0009,1770002895,0.73,0.75,0.25,0.27,457.6,62.9,111.7,375.9,2559.2,2804.0
0xsmoke0009,1770002900,0.78,0.8,0.2,0.22,122.5,409.6,105.7,183.1,3883.4,1841.4
0xsmoke0009,1770002905,0.74,0.76,0.24,0.26,128.9,287.4,292.1,275.2,3984.8,707.4
0xsmoke0009,1770002910,0.79,0.81,0.19,0.21,405.4,72.8,295.8,248.3,2320.7,2919.7
0xsmoke0009,1770002915,0.79,0.81,0.19,0.21,345.5,499.5,349.2,171.1,1162.4,819.0
0xsmoke0009,1770002920,0.81,0.83,0.17,0.19,103.6,357.5,360.3,325.4,2222.7,2587.6
0xsmoke0009,1770002925,0.81,0.83,0.17,0.19,463.4,57.1,194.3,307.8,1312.9,4344.2
0xsmoke0009,1770002930,0.86,0.88,0.12,0.14,216.8,78.3,176.5,315.3,1765.5,703.2
0xsmoke0009,1770002935,0.86,0.88,0.12,0.14,186.8,430.9,361.3,374.7,4505.8,4145.0
0xsmoke0009,1770002940,0.79,0.81,0.19,0.21,306.1,166.5,140.7,142.6,999.6,1575.7
0xsmoke0009,1770002945,0.87,0.89,0.11,0.13,352.7,163.2,71.0,239.7,1404.3,3602.1
0xsmoke0009,1770002950,0.95,0.97,0.03,0.05,300.6,129.2,267.0,440.2,1864.8,2872.4
0xsmoke0009,1770002955,0.85,0.87,0.13,0.15,81.5,59.3,429.1,203.2,3587.3,2357.1
0xsmoke0009,1770002960,0.9,0.92,0.08,0.1,137.8,267.7,296.8,407.1,632.5,2131.0
0xsmoke0009,1770002965,0.93,0.95,0.05,0.07,315.0,113.7,294.6,362.1,3798.7,1509.6
0xsmoke0009,1770002970,0.91,0.93,0.07,0.09,184.1,224.4,213.4,475.3,560.3,4764.8
0xsmoke0009,1770002975,0.92,0.94,0.06,0.08,85.1,142.7,179.1,436.0,4285.3,4705.2
0xsmoke0009,1770002980,0.91,0.93,0.07,0.09,57.1,331.6,454.6,98.3,4225.1,508.0
0xsmoke0009,1770002985,0.9,0.92,0.08,0.1,272.0,458.7,443.7,70.9,2741.7,1589.3
0xsmoke0009,1770002990,0.93,0.95,0.05,0.07,79.8,212.3,233.8,51.8,2635.3,4525.8
0xsmoke0009,1770002995,0.97,0.99,0.01,0.03,475.1,270.2,144.8,486.1,2630.8,2466.1
0xsmoke0009,1770003000,0.96,0.98,0.02,0.04,446.6,108.5,144.7,177.4,780.9,4298.3
0xsmoke0010,1770003005,0.57,0.59,0.41,0.43,320.7,448.5,272.6,174.3,2890.5,2751.1
0xsmoke0010,1770003010,0.53,0.55,0.45,0.47,154.3,211.0,380.8,124.4,4982.4,1558.7
0xsmoke0010,1770003015,0.49,0.51,0.49,0.51,105.3,226.3,217.3,356.8,4532.2,1615.4
0xsmoke0010,1770003020,0.47,0.49,0.51,0.53,188.7,233.0,107.7,451.7,2179.9,3653.9
0xsmoke0010,1770003025,0.49,0.51,0.49,0.51,363.7,151.8,253.2,353.2,1268.2,2872.3
0xsmoke0010,1770003030,0.55,0.57,0.43,0.45,123.5,260.4,132.8,114.5,2705.0,2555.0
0xsmoke0010,1770003035,0.52,0.54,0.46,0.48,436.0,368.0,201.3,268.7,3532.0,4274.3
0xsmoke0010,1770003040,0.54,0.56,0.44,0.46,276.2,110.1,440.7,176.6,2322.9,4480.7
0xsmoke0010,1770003045,0.45,0.47,0.53,0.55,461.2,153.1,89.2,281.1,4078.9,2310.8
0xsmoke0010,1770003050,0.58,0.6,0.4,0.42,228.4,416.8,100.7,177.5,1051.2,3828.2
0xsmoke0010,1770003055,0.57,0.59,0.41,0.43,345.0,157.3,380.6,496.8,855.8,1934.6
0xsmoke0010,1770003060,0.49,0.51,0.49,0.51,433.2,442.4,152.0,303.4,887.4,2439.6
0xsmoke0010,1770003065,0.52,0.54,0.46,0.48,166.3,240.0,214.8,88.1,808.4,4015.0
0xsmoke0010,1770003070,0.56,0.58,0.42,0.44,493.8,453.7,494.3,403.5,511.1,1021.9
0xsmoke0010,1770003075,0.54,0.56,0.44,0.46,131.6,77.2,462.6,459.6,3951.7,1638.7
0xsmoke0010,1770003080,0.62,0.64,0.36,0.38,418.6,195.6,107.4,111.0,2340.3,4244.6
0xsmoke0010,1770003085,0.56,0.58,0.42,0.44,243.4,209.6,451.6,118.8,3450.1,1953.5
0xsmoke0010,1770003090,0.57,0.59,0.41,0.43,420.0,421.1,430.5,181.7,1741.5,1052.0
0xsmoke0010,1770003095,0.6,0.62,0.38,0.4,103.7,402.8,71.3,136.3,4055.7,3958.2
0xsmoke0010,1770003100,0.63,0.65,0.35,0.37,222.6,70.3,413.7,178.8,3979.2,587.2
0xsmoke0010,1770003105,0.58,0.6,0.4,0.42,319.1,357.8,302.9,289.5,3187.0,1089.2
0xsmoke0010,1770003110,0.59,0.61,0.39,0.41,207.2,296.5,162.0,130.6,2508.7,2343.6
0xsmoke0010,1770003115,0.58,0.6,0.4,0.42,467.2,474.3,71.1,266.0,1569.9,2012.5
0xsmoke0010,1770003120,0.58,0.6,0.4,0.42,86.0,65.1,106.5,342.2,852.5,4486.9
0xsmoke0010,1770003125,0.54,0.56,0.44,0.46,171.2,361.2,478.4,102.3,3020.3,2595.0
0xsmoke0010,1770003130,0.51,0.53,0.47,0.49,179.6,88.9,341.2,139.0,2402.3,4676.5
0xsmoke0010,1770003135,0.49,0.51,0.49,0.51,192.3,469.6,312.6,306.7,1500.7,3385.5
0xsmoke0010,1770003140,0.55,0.57,0.43,0.45,294.7,229.0,86.5,445.0,3613.0,4812.0
0xsmoke0010,1770003145,0.59,0.61,0.39,0.41,176.6,111.0,187.6,196.3,1327.8,1690.7
0xsmoke0010,1770003150,0.58,0.6,0.4,0.42,436.1,250.8,418.9,72.4,1348.1,4787.3
0xsmoke0010,1770003155,0.59,0.61,0.39,0.41,81.3,283.1,180.4,137.4,3239.3,3241.0
0xsmoke0010,1770003160,0.7,0.72,0.28,0.3,292.6,254.7,430.9,80.8,1549.0,3042.7
0xsmoke0010,1770003165,0.7,0.72,0.28,0.3,430.6,485.7,197.7,398.6,1620.9,4766.2
0xsmoke0010,1770003170,0.67,0.69,0.31,0.33,52.7,80.7,256.4,67.3,4911.7,3340.2
0xsmoke0010,1770003175,0.68,0.7,0.3,0.32,331.8,238.2,448.6,370.8,2436.5,1778.3
0xsmoke0010,1770003180,0.74,0.76,0.24,0.26,191.8,208.9,86.2,466.2,1660.9,2930.1
0xsmoke0010,1770003185,0.76,0.78,0.22,0.24,298.4,340.7,85.9,489.0,1234.1,1683.1
0xsmoke0010,1770003190,0.69,0.71,0.29,0.31,201.5,444.5,157.2,191.3,3615.4,4370.1
0xsmoke0010,1770003195,0.75,0.77,0.23,0.25,179.6,288.9,234.9,354.2,1523.4,4275.9
0xsmoke0010,1770003200,0.76,0.78,0.22,0.24,191.3,201.3,468.5,255.2,3273.2,4688.2
0xsmoke0010,1770003205,0.78,0.8,0.2,0.22,475.8,181.5,55.7,96.2,3615.4,2216.0
0xsmoke0010,1770003210,0.82,0.84,0.16,0.18,289.8,358.5,208.7,314.3,3641.3,2195.5
0xsmoke0010,1770003215,0.76,0.78,0.22,0.24,429.6,468.2,207.6,80.2,4289.7,2512.7
0xsmoke0010,1770003220,0.76,0.78,0.22,0.24,393.3,215.6,432.6,296.5,3710.3,4482.2
0xsmoke0010,1770003225,0.77,0.79,0.21,0.23,476.3,229.3,220.4,338.1,2322.3,3683.5
0xsmoke0010,1770003230,0.84,0.86,0.14,0.16,384.1,421.6,305.4,461.5,4015.0,4356.8
0xsmoke0010,1770003235,0.84,0.86,0.14,0.16,56.9,335.6,199.8,442.8,2262.9,3847.5
0xsmoke0010,1770003240,0.8,0.82,0.18,0.2,333.3,455.3,437.9,214.9,2668.1,2909.3
0xsmoke0010,1770003245,0.92,0.94,0.06,0.08,267.8,484.0,445.9,191.5,3577.7,4768.0
0xsmoke0010,1770003250,0.89,0.91,0.09,0.11,431.8,408.8,449.0,88.0,4653.3,4914.7
0xsmoke0010,1770003255,0.94,0.96,0.04,0.06,334.9,90.5,321.1,368.8,3855.2,4355.9
0xsmoke0010,1770003260,0.87,0.89,0.11,0.13,102.2,417.6,61.6,154.9,1566.0,3988.1
0xsmoke0010,1770003265,0.88,0.9,0.1,0.12,427.0,350.6,429.3,403.7,4460.3,1742.6
0xsmoke0010,1770003270,0.93,0.95,0.05,0.07,332.8,312.3,400.0,413.9,1872.4,1044.4
0xsmoke0010,1770003275,0.88,0.9,0.1,0.12,359.2,174.6,75.6,60.4,1617.1,1730.8
0xsmoke0010,1770003280,0.94,0.96,0.04,0.06,72.8,126.7,207.5,91.5,1429.6,2471.3
0xsmoke0010,1770003285,0.87,0.89,0.11,0.13,442.2,232.3,106.7,171.1,3536.6,2333.0
0xsmoke0010,1770003290,0.97,0.99,0.01,0.03,381.6,346.5,436.8,88.5,1836.0,653.4
0xsmoke0010,1770003295,0.95,0.97,0.03,0.05,326.6,164.3,75.0,258.7,1254.7,1375.4
0xsmoke0010,1770003300,0.96,0.98,0.02,0.04,475.3,212.0,369.2,217.6,2323.7,1130.5
0xsmoke0011,1770003305,0.45,0.47,0.53,0.55,396.8,243.2,178.4,494.2,4451.7,1689.5
0xsmoke0011,1770003310,0.46,0.48,0.52,0.54,305.1,124.8,242.3,177.8,4146.4,925.5
0xsmoke0011,1770003315,0.46,0.48,0.52,0.54,156.0,199.0,84.0,460.8,4226.5,804.3
0xsmoke0011,1770003320,0.49,0.51,0.49,0.51,225.8,322.7,201.2,480.3,1481.0,4190.9
0xsmoke0011,1770003325,0.5,0.52,0.48,0.5,342.3,242.5,286.6,284.9,3316.9,806.0
0xsmoke0011,1770003330,0.54,0.56,0.44,0.46,486.9,163.9,210.5,157.9,3405.5,4927.6
0xsmoke0011,1770003335,0.5,0.52,0.48,0.5,194.6,207.3,62.2,90.4,716.2,1957.6
0xsmoke0011,1770003340,0.48,0.5,0.5,0.52,113.6,297.0,143.2,66.6,4266.5,1072.6
0xsmoke0011,1770003345,0.53,0.55,0.45,0.47,417.7,159.7,139.5,474.4,1374.5,4242.4
0xsmoke0011,1770003350,0.56,0.58,0.42,0.44,304.5,190.0,202.6,469.5,4584.9,1286.8
0xsmoke0011,1770003355,0.56,0.58,0.42,0.44,112.8,184.7,81.9,341.5,3769.2,3858.4
0xsmoke0011,1770003360,0.54,0.56,0.44,0.46,227.7,129.7,51.9,248.1,4699.8,2519.4
0xsmoke0011,1770003365,0.52,0.54,0.46,0.48,462.5,438.1,382.9,316.6,1543.2,3869.1
0xsmoke0011,1770003370,0.54,0.56,0.44,0.46,367.8,150.5,473.3,123.8,4058.4,4506.6
0xsmoke0011,1770003375,0.58,0.6,0.4,0.42,439.3,340.0,321.6,164.3,1977.7,1557.9
0xsmoke0011,1770003380,0.56,0.58,0.42,0.44,341.5,377.9,367.6,206.1,2012.6,3935.6
0xsmoke0011,1770003385,0.62,0.64,0.36,0.38,149.7,235.8,174.3,488.6,574.0,4515.7
0xsmoke0011,1770003390,0.57,0.59,0.41,0.43,199.3,356.2,216.3,336.6,2414.1,4617.6
0xsmoke0011,1770003395,0.55,0.57,0.43,0.45,415.5,309.3,217.6,485.0,1379.2,4586.8
0xsmoke0011,1770003400,0.56,0.58,0.42,0.44,432.1,324.7,330.1,467.8,2449.0,4209.7
0xsmoke0011,1770003405,0.59,0.61,0.39,0.41,436.4,248.3,343.6,91.5,824.4,983.6
0xsmoke0011,1770003410,0.55,0.57,0.43,0.45,209.8,458.8,85.6,127.6,4263.3,2383.0
0xsmoke0011,1770003415,0.54,0.56,0.44,0.46,401.4,155.5,488.1,173.7,4363.4,2658.2
0xsmoke0011,1770003420,0.54,0.56,0.44,0.46,183.3,466.3,186.2,251.7,3346.6,2995.3
0xsmoke0011,1770003425,0.58,0.6,0.4,0.42,363.2,170.5,53.9,375.6,3201.2,3035.3
0xsmoke0011,1770003430,0.48,0.5,0.5,0.52,467.8,183.7,460.4,125.6,3625.3,4736.8
0xsmoke0011,1770003435,0.52,0.54,0.46,0.48,396.6,172.9,76.6,244.0,3645.4,1775.5
0xsmoke0011,1770003440,0.53,0.55,0.45,0.47,51.0,170.5,203.7,216.9,1848.6,596.2
0xsmoke0011,1770003445,0.56,0.58,0.42,0.44,167.7,352.6,219.8,375.1,2491.2,2033.2
0xsmoke0011,1770003450,0.6,0.62,0.38,0.4,152.8,455.7,254.8,191.1,1482.5,4444.8
0xsmoke0011,1770003455,0.62,0.64,0.36,0.38,362.5,412.1,158.6,379.0,821.4,3492.1
0xsmoke0011,1770003460,0.63,0.65,0.35,0.37,347.8,152.0,209.1,351.6,4727.7,2033.2
0xsmoke0011,1770003465,0.72,0.74,0.26,0.28,106.1,352.1,452.4,57.6,2052.1,1260.2
0xsmoke0011,1770003470,0.74,0.76,0.24,0.26,109.5,80.9,395.6,499.5,3982.1,1015.7
0xsmoke0011,1770003475,0.71,0.73,0.27,0.29,284.0,454.4,389.0,77.0,2538.7,4003.9
0xsmoke0011,1770003480,0.76,0.78,0.22,0.24,350.0,485.3,490.4,426.6,3073.7,1884.1
0xsmoke0011,1770003485,0.73,0.75,0.25,0.27,125.4,338.2,397.8,436.4,4613.2,1795.4
0xsmoke0011,1770003490,0.71,0.73,0.27,0.29,138.3,294.8,476.0,390.9,2465.6,1215.7
0xsmoke0011,1770003495,0.7,0.72,0.28,0.3,453.3,395.6,181.5,225.6,3126.0,4630.5
0xsmoke0011,1770003500,0.83,0.85,0.15,0.17,238.9,77.1,51.4,159.5,4140.5,3539.1
0xsmoke0011,1770003505,0.86,0.88,0.12,0.14,234.3,169.2,394.7,269.5,815.1,3322.3
0xsmoke0011,1770003510,0.81,0.83,0.17,0.19,82.8,498.7,94.8,188.5,4894.1,4874.5
0xsmoke0011,1770003515,0.81,0.83,0.17,0.19,374.1,325.7,229.1,402.7,3355.8,1513.0
0xsmoke0011,1770003520,0.84,0.86,0.14,0.16,369.3,329.7,294.3,381.9,1106.4,693.2
0xsmoke0011,1770003525,0.8,0.82,0.18,0.2,329.2,245.5,426.1,487.2,1004.0,2204.9
0xsmoke0011,1770003530,0.81,0.83,0.17,0.19,295.9,459.3,320.0,187.2,3483.5,1980.8
0xsmoke0011,1770003535,0.86,0.88,0.12,0.14,94.4,303.8,265.4,340.5,3050.0,3077.4
0xsmoke0011,1770003540,0.86,0.88,0.12,0.14,110.1,388.2,330.7,359.9,2298.1,883.2
0xsmoke0011,1770003545,0.86,0.88,0.12,0.14,422.1,489.2,257.2,448.1,4421.8,2974.6
0xsmoke0011,1770003550,0.85,0.87,0.13,0.15,416.6,96.2,110.2,233.3,2898.0,3436.9
0xsmoke0011,1770003555,0.85,0.87,0.13,0.15,444.2,410.3,96.1,202.7,4495.5,3898.1
0xsmoke0011,1770003560,0.88,0.9,0.1,0.12,332.0,106.8,276.5,497.4,838.5,4206.0
0xsmoke0011,1770003565,0.93,0.95,0.05,0.07,490.5,436.8,79.2,339.5,4371.3,1756.6
0xsmoke0011,1770003570,0.86,0.88,0.12,0.14,164.4,142.4,199.5,181.9,4830.9,1557.5
0xsmoke0011,1770003575,0.88,0.9,0.1,0.12,268.6,361.0,486.5,326.3,4372.8,1091.4
0xsmoke0011,1770003580,0.9,0.92,0.08,0.1,127.6,442.1,318.0,111.3,4325.5,2862.5
0xsmoke0011,1770003585,0.85,0.87,0.13,0.15,86.5,458.1,281.2,439.1,838.6,3558.6
0xsmoke0011,1770003590,0.94,0.96,0.04,0.06,291.5,330.9,421.6,465.5,1250.3,4368.1
0xsmoke0011,1770003595,0.97,0.99,0.01,0.03,54.9,185.6,178.1,397.0,3021.6,2246.8
0xsmoke0011,1770003600,0.97,0.99,0.01,0.03,471.1,338.6,343.9,437.7,1817.4,4981.5
0xsmoke0012,1770003605,0.46,0.48,0.52,0.54,70.4,420.4,128.5,201.0,2808.9,1000.2
0xsmoke0012,1770003610,0.5,0.52,0.48,0.5,209.2,88.6,321.3,253.0,1218.7,4046.1
0xsmoke0012,1770003615,0.48,0.5,0.5,0.52,61.6,445.7,234.1,91.3,1800.0,1647.7
0xsmoke0012,1770003620,0.52,0.54,0.46,0.48,198.9,125.9,146.1,353.4,1212.6,596.6
0xsmoke0012,1770003625,0.48,0.5,0.5,0.52,183.0,124.3,318.8,445.8,4237.7,2617.3
0xsmoke0012,1770003630,0.5,0.52,0.48,0.5,405.7,335.6,411.2,220.4,3865.6,2852.2
0xsmoke0012,1770003635,0.55,0.57,0.43,0.45,382.6,79.7,425.1,66.2,2423.3,3159.6
0xsmoke0012,1770003640,0.55,0.57,0.43,0.45,75.9,352.2,205.2,68.4,1995.6,3382.7
0xsmoke0012,1770003645,0.56,0.58,0.42,0.44,431.7,69.3,157.6,198.3,789.0,4664.7
0xsmoke0012,1770003650,0.5,0.52,0.48,0.5,457.2,139.5,424.9,202.0,1799.5,3605.0
0xsmoke0012,1770003655,0.52,0.54,0.46,0.48,52.4,468.9,209.3,407.7,2416.0,917.3
0xsmoke0012,1770003660,0.51,0.53,0.47,0.49,126.9,86.4,58.5,230.4,1663.6,2012.0
0xsmoke0012,1770003665,0.6,0.62,0.38,0.4,423.1,367.7,159.8,387.4,3640.4,2875.8
0xsmoke0012,1770003670,0.61,0.63,0.37,0.39,143.5,238.8,174.4,448.2,2596.0,3549.6
0xsmoke0012,1770003675,0.55,0.57,0.43,0.45,329.5,122.4,193.7,465.2,707.0,1497.5
0xsmoke0012,1770003680,0.49,0.51,0.49,0.51,434.4,419.2,378.9,366.0,2181.2,776.3
0xsmoke0012,1770003685,0.59,0.61,0.39,0.41,82.7,409.3,109.0,61.0,4996.5,1253.1
0xsmoke0012,1770003690,0.64,0.66,0.34,0.36,77.7,491.4,57.5,359.6,4296.6,1833.3
0xsmoke0012,1770003695,0.6,0.62,0.38,0.4,66.7,77.4,389.5,287.8,4534.3,3346.2
0xsmoke0012,1770003700,0.53,0.55,0.45,0.47,140.8,150.6,490.4,478.5,2470.0,4077.5
0xsmoke0012,1770003705,0.57,0.59,0.41,0.43,175.0,140.0,387.0,483.2,4926.3,2107.4
0xsmoke0012,1770003710,0.62,0.64,0.36,0.38,193.6,81.5,494.5,188.2,4313.9,1609.0
0xsmoke0012,1770003715,0.53,0.55,0.45,0.47,270.1,425.2,319.7,394.7,827.9,894.3
0xsmoke0012,1770003720,0.55,0.57,0.43,0.45,444.9,459.2,369.8,319.4,721.0,4676.3
0xsmoke0012,1770003725,0.54,0.56,0.44,0.46,327.2,428.9,156.4,329.0,3573.0,3902.9
0xsmoke0012,1770003730,0.58,0.6,0.4,0.42,377.7,456.2,332.8,126.5,4634.2,959.5
0xsmoke0012,1770003735,0.52,0.54,0.46,0.48,434.7,314.9,201.0,411.6,3413.1,1031.6
0xsmoke0012,1770003740,0.6,0.62,0.38,0.4,414.8,415.0,83.4,284.7,3708.7,1964.5
0xsmoke0012,1770003745,0.54,0.56,0.44,0.46,237.7,470.7,378.6,146.0,4301.3,3504.1
0xsmoke0012,1770003750,0.6,0.62,0.38,0.4,170.9,129.7,232.1,212.0,1784.0,4431.9
0xsmoke0012,1770003755,0.65,0.67,0.33,0.35,271.7,483.2,353.2,478.4,4211.5,3354.6
0xsmoke0012,1770003760,0.65,0.67,0.33,0.35,398.7,390.8,443.1,203.0,2135.3,1611.2
0xsmoke0012,1770003765,0.67,0.69,0.31,0.33,456.7,248.9,230.5,109.6,4888.8,3523.5
0xsmoke0012,1770003770,0.72,0.74,0.26,0.28,334.5,281.3,387.0,449.1,4302.2,2057.0
0xsmoke0012,1770003775,0.72,0.74,0.26,0.28,475.2,277.8,410.9,286.2,4246.3,807.2
0xsmoke0012,1770003780,0.73,0.75,0.25,0.27,90.8,246.2,215.4,481.5,4986.5,1105.5
0xsmoke0012,1770003785,0.71,0.73,0.27,0.29,279.1,428.6,216.1,397.7,520.6,2605.0
0xsmoke0012,1770003790,0.77,0.79,0.21,0.23,163.4,185.2,238.6,273.2,2862.4,3805.5
0xsmoke0012,1770003795,0.73,0.75,0.25,0.27,482.7,351.1,165.5,310.5,2473.3,1558.0
0xsmoke0012,1770003800,0.72,0.74,0.26,0.28,153.1,292.5,79.8,294.5,2353.2,529.5
0xsmoke0012,1770003805,0.78,0.8,0.2,0.22,486.9,310.8,79.2,310.0,3667.9,1106.4
0xsmoke0012,1770003810,0.79,0.81,0.19,0.21,146.2,294.2,420.1,157.9,1127.5,1126.0
0xsmoke0012,1770003815,0.88,0.9,0.1,0.12,81.2,286.9,414.5,394.9,3515.8,549.3
0xsmoke0012,1770003820,0.83,0.85,0.15,0.17,159.5,281.8,118.3,110.9,4781.1,4462.7
0xsmoke0012,1770003825,0.77,0.79,0.21,0.23,422.5,79.7,202.5,497.3,4732.5,2603.7
0xsmoke0012,1770003830,0.8,0.82,0.18,0.2,222.2,431.9,192.3,142.8,1150.1,3338.3
0xsmoke0012,1770003835,0.8,0.82,0.18,0.2,456.2,116.1,412.0,474.7,3861.0,1017.5
0xsmoke0012,1770003840,0.83,0.85,0.15,0.17,89.5,200.2,391.5,115.2,2520.4,699.8
0xsmoke0012,1770003845,0.87,0.89,0.11,0.13,94.4,406.9,325.7,135.8,3642.8,2071.3
0xsmoke0012,1770003850,0.87,0.89,0.11,0.13,300.5,172.2,237.7,403.8,4390.2,4318.9
0xsmoke0012,1770003855,0.83,0.85,0.15,0.17,442.6,113.2,492.7,70.3,4546.4,4062.6
0xsmoke0012,1770003860,0.87,0.89,0.11,0.13,405.7,480.9,123.8,342.2,520.0,3489.6
0xsmoke0012,1770003865,0.86,0.88,0.12,0.14,350.5,62.1,231.5,440.1,1878.9,4861.4
0xsmoke0012,1770003870,0.84,0.86,0.14,0.16,131.9,471.3,119.9,317.3,4742.3,4732.9
0xsmoke0012,1770003875,0.88,0.9,0.1,0.12,145.5,275.3,181.4,191.4,1928.8,1408.1
0xsmoke0012,1770003880,0.91,0.93,0.07,0.09,387.8,55.8,307.9,215.2,3425.1,3112.6
0xsmoke0012,1770003885,0.87,0.89,0.11,0.13,399.8,307.4,454.3,313.3,4443.7,4388.4
0xsmoke0012,1770003890,0.95,0.97,0.03,0.05,198.2,269.0,85.6,376.3,3407.8,4182.6
0xsmoke0012,1770003895,0.97,0.99,0.01,0.03,107.8,340.8,379.5,83.2,638.3,1961.4
0xsmoke0012,1770003900,0.97,0.99,0.01,0.03,73.4,93.9,141.8,56.4,1165.2,615.3
0xsmoke0013,1770003905,0.55,0.57,0.43,0.45,386.9,347.6,322.0,260.5,1343.7,717.1
0xsmoke0013,1770003910,0.53,0.55,0.45,0.47,476.2,416.3,306.5,326.0,3853.4,4198.7
0xsmoke0013,1770003915,0.54,0.56,0.44,0.46,411.0,341.7,175.1,179.4,1271.2,2963.2
0xsmoke0013,1770003920,0.55,0.57,0.43,0.45,405.4,124.9,103.9,176.8,1239.7,1140.9
0xsmoke0013,1770003925,0.43,0.45,0.55,0.57,191.6,304.5,191.9,493.1,3164.6,1128.2
0xsmoke0013,1770003930,0.53,0.55,0.45,0.47,180.4,254.8,179.3,270.3,1883.2,1942.9
0xsmoke0013,1770003935,0.51,0.53,0.47,0.49,482.0,143.3,177.2,234.6,1030.4,1530.8
0xsmoke0013,1770003940,0.51,0.53,0.47,0.49,312.7,291.4,215.9,354.5,3855.3,1693.5
0xsmoke0013,1770003945,0.48,0.5,0.5,0.52,331.4,235.1,423.6,54.4,2937.1,2068.9
0xsmoke0013,1770003950,0.59,0.61,0.39,0.41,440.6,147.6,404.9,434.3,4853.5,1023.6
0xsmoke0013,1770003955,0.55,0.57,0.43,0.45,87.8,194.2,458.0,339.7,1196.8,975.1
0xsmoke0013,1770003960,0.55,0.57,0.43,0.45,314.3,135.5,182.1,95.4,4961.2,2555.8
0xsmoke0013,1770003965,0.59,0.61,0.39,0.41,141.9,218.8,341.1,386.0,4581.2,1614.3
0xsmoke0013,1770003970,0.5,0.52,0.48,0.5,231.4,188.8,418.8,217.1,2180.8,2761.5
0xsmoke0013,1770003975,0.6,0.62,0.38,0.4,209.0,53.9,380.9,101.6,4344.3,1611.1
0xsmoke0013,1770003980,0.57,0.59,0.41,0.43,290.9,458.3,221.3,266.2,2366.4,1004.5
0xsmoke0013,1770003985,0.59,0.61,0.39,0.41,462.5,472.7,164.7,464.0,571.1,3733.9
0xsmoke0013,1770003990,0.58,0.6,0.4,0.42,241.7,235.7,245.7,473.5,2085.1,581.3
0xsmoke0013,1770003995,0.66,0.68,0.32,0.34,387.2,107.8,76.4,137.9,4899.9,2500.8
0xsmoke0013,1770004000,0.61,0.63,0.37,0.39,346.3,219.9,298.8,498.2,3646.0,2907.0
0xsmoke0013,1770004005,0.63,0.65,0.35,0.37,277.5,253.8,432.8,481.1,3737.7,2143.5
0xsmoke0013,1770004010,0.61,0.63,0.37,0.39,54.0,157.9,399.6,270.0,4354.3,3515.5
0xsmoke0013,1770004015,0.6,0.62,0.38,0.4,412.6,274.0,350.3,270.4,2086.4,3942.6
0xsmoke0013,1770004020,0.53,0.55,0.45,0.47,489.7,482.4,423.7,260.4,2524.9,2311.0
0xsmoke0013,1770004025,0.59,0.61,0.39,0.41,149.8,409.6,446.5,275.3,4338.4,1812.4
0xsmoke0013,1770004030,0.5,0.52,0.48,0.5,488.0,351.7,483.3,376.7,3620.5,2628.8
0xsmoke0013,1770004035,0.53,0.55,0.45,0.47,106.4,422.5,131.7,358.9,1220.5,3898.3
0xsmoke0013,1770004040,0.58,0.6,0.4,0.42,328.2,67.5,381.7,264.1,4396.0,1170.3
0xsmoke0013,1770004045,0.59,0.61,0.39,0.41,463.6,426.8,459.1,284.3,3534.7,4697.9
0xsmoke0013,1770004050,0.61,0.63,0.37,0.39,89.3,119.7,51.2,100.1,622.5,2231.6
0xsmoke0013,1770004055,0.61,0.63,0.37,0.39,437.5,233.9,122.4,459.0,4626.2,4898.5
0xsmoke0013,1770004060,0.66,0.68,0.32,0.34,315.9,333.7,290.4,134.5,4643.2,2914.9
0xsmoke0013,1770004065,0.73,0.75,0.25,0.27,205.8,377.3,141.3,399.4,1445.0,2447.1
0xsmoke0013,1770004070,0.72,0.74,0.26,0.28,107.5,447.7,203.2,388.2,4510.6,1772.6
0xsmoke0013,1770004075,0.72,0.74,0.26,0.28,286.3,156.0,443.3,124.2,3746.1,615.5
0xsmoke0013,1770004080,0.74,0.76,0.24,0.26,138.6,433.5,319.6,346.8,870.4,1888.8
0xsmoke0013,1770004085,0.74,0.76,0.24,0.26,325.9,390.9,275.8,142.4,4612.8,1687.5
0xsmoke0013,1770004090,0.72,0.74,0.26,0.28,342.0,88.8,394.1,370.4,2224.4,2818.0
0xsmoke0013,1770004095,0.72,0.74,0.26,0.28,83.6,85.8,208.6,52.9,1335.0,2145.1
0xsmoke0013,1770004100,0.77,0.79,0.21,0.23,282.0,128.1,391.7,407.5,3482.5,3595.7
0xsmoke0013,1770004105,0.78,0.8,0.2,0.22,427.2,313.3,129.9,358.0,3323.3,3059.0
0xsmoke0013,1770004110,0.73,0.75,0.25,0.27,395.1,378.5,315.1,80.2,1543.8,4905.0
0xsmoke0013,1770004115,0.8,0.82,0.18,0.2,334.8,109.2,307.1,323.9,3929.4,4860.1
0xsmoke0013,1770004120,0.86,0.88,0.12,0.14,190.7,121.9,200.4,249.5,4839.0,2800.6
0xsmoke0013,1770004125,0.78,0.8,0.2,0.22,380.1,56.1,154.8,293.1,757.9,1178.0
0xsmoke0013,1770004130,0.82,0.84,0.16,0.18,353.3,112.4,103.1,429.5,2625.8,1922.5
0xsmoke0013,1770004135,0.89,0.91,0.09,0.11,351.0,497.4,96.6,395.8,2570.6,1616.4
0xsmoke0013,1770004140,0.87,0.89,0.11,0.13,106.1,99.0,361.5,368.8,1596.9,1882.4
0xsmoke0013,1770004145,0.87,0.89,0.11,0.13,224.4,206.8,475.5,294.9,2921.9,3247.5
0xsmoke0013,1770004150,0.84,0.86,0.14,0.16,229.6,404.9,343.1,450.5,1897.2,2640.1
0xsmoke0013,1770004155,0.91,0.93,0.07,0.09,133.5,91.0,139.5,123.7,2475.6,2349.6
0xsmoke0013,1770004160,0.88,0.9,0.1,0.12,400.2,293.3,345.5,260.8,1896.4,2766.0
0xsmoke0013,1770004165,0.89,0.91,0.09,0.11,479.7,417.5,80.0,338.0,909.1,3299.6
0xsmoke0013,1770004170,0.83,0.85,0.15,0.17,364.6,103.8,240.7,137.8,3473.1,3697.6
0xsmoke0013,1770004175,0.97,0.99,0.01,0.03,210.4,319.1,143.7,468.4,4722.3,636.6
0xsmoke0013,1770004180,0.87,0.89,0.11,0.13,373.1,153.9,64.9,50.9,3680.8,555.1
0xsmoke0013,1770004185,0.92,0.94,0.06,0.08,409.3,73.7,368.0,244.0,2253.1,2677.9
0xsmoke0013,1770004190,0.97,0.99,0.01,0.03,437.8,351.5,224.5,104.1,2769.2,4995.6
0xsmoke0013,1770004195,0.94,0.96,0.04,0.06,80.6,210.3,261.3,232.5,1003.7,1338.3
0xsmoke0013,1770004200,0.95,0.97,0.03,0.05,374.5,372.4,352.4,353.2,538.6,1481.5
0xsmoke0014,1770004205,0.44,0.46,0.54,0.56,165.3,224.7,229.7,202.9,546.8,4392.9
0xsmoke0014,1770004210,0.52,0.54,0.46,0.48,327.1,172.8,252.6,460.5,3198.5,3635.7
0xsmoke0014,1770004215,0.54,0.56,0.44,0.46,491.4,344.8,98.7,277.5,4649.9,1082.8
0xsmoke0014,1770004220,0.52,0.54,0.46,0.48,72.7,81.5,123.6,396.9,3197.7,3792.7
0xsmoke0014,1770004225,0.47,0.49,0.51,0.53,403.9,126.4,211.9,236.9,3561.3,3924.5
0xsmoke0014,1770004230,0.45,0.47,0.53,0.55,323.6,176.5,316.9,429.5,2476.8,3882.4
0xsmoke0014,1770004235,0.46,0.48,0.52,0.54,280.8,323.6,113.0,146.9,1289.6,2907.9
0xsmoke0014,1770004240,0.45,0.47,0.53,0.55,368.4,143.8,200.2,115.6,3442.6,2392.4
0xsmoke0014,1770004245,0.44,0.46,0.54,0.56,151.2,477.1,266.8,496.0,1945.5,1470.3
0xsmoke0014,1770004250,0.51,0.53,0.47,0.49,460.5,123.7,437.9,314.3,4569.1,4758.0
0xsmoke0014,1770004255,0.42,0.44,0.56,0.58,473.5,131.2,249.7,249.5,1603.1,2677.7
0xsmoke0014,1770004260,0.43,0.45,0.55,0.57,98.8,266.4,286.5,138.4,3389.4,1637.4
0xsmoke0014,1770004265,0.43,0.45,0.55,0.57,307.3,387.0,470.7,466.7,2759.4,1682.5
0xsmoke0014,1770004270,0.48,0.5,0.5,0.52,403.9,392.1,407.3,425.1,3042.5,4538.7
0xsmoke0014,1770004275,0.41,0.43,0.57,0.59,334.1,426.7,343.4,395.5,4684.3,2279.4
0xsmoke0014,1770004280,0.41,0.43,0.57,0.59,184.3,268.9,443.1,488.1,4764.1,3909.3
0xsmoke0014,1770004285,0.44,0.46,0.54,0.56,448.0,324.5,159.6,58.0,3925.2,3921.3
0xsmoke0014,1770004290,0.43,0.45,0.55,0.57,311.0,346.1,373.3,289.2,3463.5,1509.4
0xsmoke0014,1770004295,0.4,0.42,0.58,0.6,332.9,305.9,165.7,107.0,3445.2,1006.6
0xsmoke0014,1770004300,0.42,0.44,0.56,0.58,131.9,397.4,210.1,455.6,1515.3,1209.3
0xsmoke0014,1770004305,0.34,0.36,0.64,0.66,398.1,207.3,262.4,347.8,1828.4,2250.5
0xsmoke0014,1770004310,0.37,0.39,0.61,0.63,186.3,115.7,458.9,105.2,4941.1,4300.3
0xsmoke0014,1770004315,0.42,0.44,0.56,0.58,437.3,78.9,303.2,209.1,1853.4,4526.6
0xsmoke0014,1770004320,0.42,0.44,0.56,0.58,437.9,85.4,354.8,178.5,2871.1,4663.8
0xsmoke0014,1770004325,0.41,0.43,0.57,0.59,94.6,187.3,269.6,372.6,525.2,4387.7
0xsmoke0014,1770004330,0.49,0.51,0.49,0.51,480.3,141.1,146.0,424.8,2816.2,1603.6
0xsmoke0014,1770004335,0.44,0.46,0.54,0.56,147.5,353.8,379.8,209.4,4629.4,2793.6
0xsmoke0014,1770004340,0.43,0.45,0.55,0.57,227.6,231.5,211.5,421.1,2480.8,1541.1
0xsmoke0014,1770004345,0.36,0.38,0.62,0.64,466.5,337.5,97.3,238.6,2599.9,562.6
0xsmoke0014,1770004350,0.4,0.42,0.58,0.6,462.3,95.7,298.5,190.6,1453.2,1734.1
0xsmoke0014,1770004355,0.31,0.33,0.67,0.69,359.7,215.0,364.9,416.9,3077.0,2046.3
0xsmoke0014,1770004360,0.3,0.32,0.68,0.7,343.1,353.6,401.5,112.0,707.7,4456.0
0xsmoke0014,1770004365,0.32,0.34,0.66,0.68,92.4,369.1,75.3,334.4,2996.9,3718.7
0xsmoke0014,1770004370,0.3,0.32,0.68,0.7,458.9,473.2,493.1,394.7,1902.4,4903.4
0xsmoke0014,1770004375,0.2,0.22,0.78,0.8,373.3,347.6,143.0,433.9,3410.8,1494.0
0xsmoke0014,1770004380,0.25,0.27,0.73,0.75,114.6,244.8,495.3,222.7,2279.5,4113.7
0xsmoke0014,1770004385,0.25,0.27,0.73,0.75,103.9,385.6,108.7,325.1,4175.4,3033.8
0xsmoke0014,1770004390,0.25,0.27,0.73,0.75,142.9,293.2,479.4,344.2,3636.0,3179.5
0xsmoke0014,1770004395,0.19,0.21,0.79,0.81,323.5,54.3,236.4,415.3,1420.0,3417.8
0xsmoke0014,1770004400,0.27,0.29,0.71,0.73,120.4,436.0,159.7,483.2,2050.5,3252.2
0xsmoke0014,1770004405,0.25,0.27,0.73,0.75,419.0,268.6,137.5,326.7,3145.3,787.8
0xsmoke0014,1770004410,0.19,0.21,0.79,0.81,464.3,286.6,131.5,339.8,2542.4,4612.1
0xsmoke0014,1770004415,0.25,0.27,0.73,0.75,61.8,122.6,128.9,478.0,2117.0,2069.8
0xsmoke0014,1770004420,0.13,0.15,0.85,0.87,142.8,329.9,476.5,459.5,1221.6,2619.8
0xsmoke0014,1770004425,0.17,0.19,0.81,0.83,365.0,160.7,129.6,172.4,1088.2,3723.9
0xsmoke0014,1770004430,0.17,0.19,0.81,0.83,230.0,173.9,221.1,187.4,2090.7,3690.2
0xsmoke0014,1770004435,0.13,0.15,0.85,0.87,359.0,206.3,92.1,103.9,4552.2,688.8
0xsmoke0014,1770004440,0.12,0.14,0.86,0.88,438.6,85.8,144.9,171.0,4261.0,1020.9
0xsmoke0014,1770004445,0.09,0.11,0.89,0.91,104.0,304.5,398.0,301.4,2783.6,2469.1
0xsmoke0014,1770004450,0.12,0.14,0.86,0.88,496.7,231.7,337.8,312.1,4828.4,1598.2
0xsmoke0014,1770004455,0.1,0.12,0.88,0.9,454.6,279.0,338.5,331.3,4020.6,4269.9
0xsmoke0014,1770004460,0.12,0.14,0.86,0.88,52.2,426.7,69.1,436.0,504.9,3984.9
0xsmoke0014,1770004465,0.09,0.11,0.89,0.91,61.7,389.2,310.8,104.5,4445.5,3160.2
0xsmoke0014,1770004470,0.05,0.07,0.93,0.95,475.4,141.4,129.3,451.6,1222.0,4179.4
0xsmoke0014,1770004475,0.02,0.04,0.96,0.98,416.3,233.6,327.8,323.2,2276.3,2833.1
0xsmoke0014,1770004480,0.06,0.08,0.92,0.94,111.4,462.2,420.5,143.7,1513.6,2275.5
0xsmoke0014,1770004485,0.07,0.09,0.91,0.93,282.6,191.7,395.8,138.0,3688.3,3891.3
0xsmoke0014,1770004490,0.03,0.05,0.95,0.97,306.5,317.3,487.0,184.5,2569.9,4711.8
0xsmoke0014,1770004495,0.03,0.05,0.95,0.97,453.7,214.5,204.6,497.8,2256.9,1612.7
0xsmoke0014,1770004500,0.06,0.08,0.92,0.94,363.0,336.1,157.6,272.8,1789.5,4267.8
0xsmoke0015,1770004505,0.43,0.45,0.55,0.57,327.0,461.1,157.5,478.5,2684.1,3381.3
0xsmoke0015,1770004510,0.47,0.49,0.51,0.53,362.5,375.7,316.5,438.1,2622.3,567.6
0xsmoke0015,1770004515,0.45,0.47,0.53,0.55,305.6,326.7,319.4,68.6,1794.0,904.3
0xsmoke0015,1770004520,0.49,0.51,0.49,0.51,434.6,347.3,416.1,199.7,641.6,2343.4
0xsmoke0015,1770004525,0.45,0.47,0.53,0.55,187.4,157.5,131.3,359.5,3189.5,4202.4
0xsmoke0015,1770004530,0.54,0.56,0.44,0.46,156.9,472.1,395.5,303.3,4876.8,2805.9
0xsmoke0015,1770004535,0.48,0.5,0.5,0.52,106.2,190.8,363.3,304.8,3574.5,584.3
0xsmoke0015,1770004540,0.39,0.41,0.59,0.61,299.6,344.5,244.4,148.2,1894.1,3924.2
0xsmoke0015,1770004545,0.49,0.51,0.49,0.51,161.3,477.8,69.8,155.5,2472.0,4119.6
0xsmoke0015,1770004550,0.41,0.43,0.57,0.59,354.0,478.1,215.2,131.6,2342.5,3035.3
0xsmoke0015,1770004555,0.45,0.47,0.53,0.55,67.4,376.7,494.9,469.1,2192.9,2543.7
0xsmoke0015,1770004560,0.48,0.5,0.5,0.52,493.2,210.3,478.4,364.4,1162.7,2526.8
0xsmoke0015,1770004565,0.43,0.45,0.55,0.57,233.3,285.4,409.1,198.8,3422.9,3484.4
0xsmoke0015,1770004570,0.41,0.43,0.57,0.59,326.0,257.0,324.7,257.3,4603.7,1008.4
0xsmoke0015,1770004575,0.45,0.47,0.53,0.55,385.3,55.1,373.5,213.2,2781.9,2829.5
0xsmoke0015,1770004580,0.45,0.47,0.53,0.55,268.9,336.1,148.7,81.8,3507.1,4948.4
0xsmoke0015,1770004585,0.45,0.47,0.53,0.55,459.8,223.0,344.0,169.7,3610.8,2461.5
0xsmoke0015,1770004590,0.43,0.45,0.55,0.57,174.6,199.8,331.4,97.4,4888.5,3233.0
0xsmoke0015,1770004595,0.46,0.48,0.52,0.54,130.1,369.1,140.7,87.4,2493.4,2620.9
0xsmoke0015,1770004600,0.41,0.43,0.57,0.59,259.9,138.0,357.0,169.7,1806.2,4015.9
0xsmoke0015,1770004605,0.36,0.38,0.62,0.64,377.2,464.8,433.7,148.8,4892.5,2840.0
0xsmoke0015,1770004610,0.35,0.37,0.63,0.65,175.3,224.4,300.8,65.1,3740.9,2069.8
0xsmoke0015,1770004615,0.35,0.37,0.63,0.65,379.4,328.3,83.6,303.4,2094.9,3715.9
0xsmoke0015,1770004620,0.39,0.41,0.59,0.61,276.1,379.1,114.6,417.2,4861.6,4553.0
0xsmoke0015,1770004625,0.42,0.44,0.56,0.58,232.3,469.7,303.0,146.9,2941.2,4328.8
0xsmoke0015,1770004630,0.42,0.44,0.56,0.58,424.9,65.8,486.4,465.2,2762.7,4654.8
0xsmoke0015,1770004635,0.43,0.45,0.55,0.57,214.3,126.1,351.4,462.9,4691.5,859.9
0xsmoke0015,1770004640,0.42,0.44,0.56,0.58,301.5,149.4,452.7,287.9,689.2,2191.5
0xsmoke0015,1770004645,0.38,0.4,0.6,0.62,432.9,139.5,316.4,89.0,4602.8,543.7
0xsmoke0015,1770004650,0.32,0.34,0.66,0.68,304.4,388.4,351.1,277.6,2471.8,1435.7
0xsmoke0015,1770004655,0.35,0.37,0.63,0.65,92.4,170.7,344.4,298.2,3053.7,2880.0
0xsmoke0015,1770004660,0.26,0.28,0.72,0.74,432.6,168.8,300.6,486.0,1704.2,3655.8
0xsmoke0015,1770004665,0.27,0.29,0.71,0.73,351.3,300.4,383.3,218.9,4716.1,3052.4
0xsmoke0015,1770004670,0.24,0.26,0.74,0.76,337.5,358.4,463.7,336.2,2851.2,2088.8
0xsmoke0015,1770004675,0.23,0.25,0.75,0.77,178.9,329.1,437.6,316.8,1413.5,663.8
0xsmoke0015,1770004680,0.25,0.27,0.73,0.75,182.9,360.0,475.5,473.0,2996.7,4609.2
0xsmoke0015,1770004685,0.23,0.25,0.75,0.77,473.3,355.5,86.2,415.5,1223.0,4986.8
0xsmoke0015,1770004690,0.26,0.28,0.72,0.74,390.7,118.6,293.0,217.5,4438.7,1732.6
0xsmoke0015,1770004695,0.28,0.3,0.7,0.72,473.1,78.9,371.3,87.7,4004.7,4356.4
0xsmoke0015,1770004700,0.22,0.24,0.76,0.78,447.9,247.2,188.8,484.5,2229.0,1443.9
0xsmoke0015,1770004705,0.18,0.2,0.8,0.82,457.2,492.8,254.8,272.2,3191.4,4278.2
0xsmoke0015,1770004710,0.19,0.21,0.79,0.81,408.0,487.6,232.4,247.0,4809.9,2331.0
0xsmoke0015,1770004715,0.18,0.2,0.8,0.82,436.7,262.9,341.1,178.9,3560.4,2155.5
0xsmoke0015,1770004720,0.17,0.19,0.81,0.83,271.6,463.7,296.4,435.9,2482.0,3511.8
0xsmoke0015,1770004725,0.16,0.18,0.82,0.84,313.8,348.4,135.9,294.7,4647.6,1407.9
0xsmoke0015,1770004730,0.09,0.11,0.89,0.91,426.8,241.7,63.5,286.5,2580.1,4674.6
0xsmoke0015,1770004735,0.16,0.18,0.82,0.84,399.4,215.6,453.3,422.8,909.6,3473.4
0xsmoke0015,1770004740,0.12,0.14,0.86,0.88,342.6,487.0,167.4,314.5,2900.4,1828.9
0xsmoke0015,1770004745,0.12,0.14,0.86,0.88,244.1,342.3,402.0,377.3,951.7,748.7
0xsmoke0015,1770004750,0.09,0.11,0.89,0.91,342.6,116.7,108.5,273.9,1300.7,4687.7
0xsmoke0015,1770004755,0.16,0.18,0.82,0.84,474.7,372.1,300.1,352.0,3614.2,1783.8
0xsmoke0015,1770004760,0.12,0.14,0.86,0.88,79.8,71.6,474.6,432.7,3891.3,967.9
0xsmoke0015,1770004765,0.18,0.2,0.8,0.82,243.7,220.1,376.8,54.6,2617.6,1654.2
0xsmoke0015,1770004770,0.11,0.13,0.87,0.89,298.7,239.2,444.6,446.9,3917.9,4075.2
0xsmoke0015,1770004775,0.07,0.09,0.91,0.93,172.0,417.1,102.4,317.4,3350.0,991.2
0xsmoke0015,1770004780,0.11,0.13,0.87,0.89,352.5,435.9,225.9,289.1,3687.0,3118.0
0xsmoke0015,1770004785,0.07,0.09,0.91,0.93,337.2,369.5,410.5,302.5,3474.1,1378.8
0xsmoke0015,1770004790,0.02,0.04,0.96,0.98,414.4,150.6,246.6,448.2,1160.3,3554.2
0xsmoke0015,1770004795,0.01,0.03,0.97,0.99,331.7,417.4,419.2,399.9,2830.6,2946.2
0xsmoke0015,1770004800,0.01,0.03,0.97,0.99,102.5,386.6,73.5,469.7,1336.1,3740.3
0xsmoke0016,1770004805,0.5,0.52,0.48,0.5,325.7,390.5,183.2,421.4,3899.0,3111.4
0xsmoke0016,1770004810,0.47,0.49,0.51,0.53,222.8,486.1,224.4,158.5,3012.3,4644.5
0xsmoke0016,1770004815,0.46,0.48,0.52,0.54,310.2,226.5,386.2,301.6,4202.5,4249.6
0xsmoke0016,1770004820,0.54,0.56,0.44,0.46,487.8,341.9,488.6,343.4,1482.6,3324.4
0xsmoke0016,1770004825,0.47,0.49,0.51,0.53,240.4,125.5,208.3,401.7,1434.5,551.3
0xsmoke0016,1770004830,0.47,0.49,0.51,0.53,487.3,441.0,410.5,378.3,2981.5,3433.3
0xsmoke0016,1770004835,0.59,0.61,0.39,0.41,362.3,321.6,495.7,236.6,2363.3,1049.4
0xsmoke0016,1770004840,0.46,0.48,0.52,0.54,112.7,316.4,483.7,101.0,1220.2,3568.5
0xsmoke0016,1770004845,0.42,0.44,0.56,0.58,70.5,449.4,117.1,246.4,3895.5,4010.1
0xsmoke0016,1770004850,0.39,0.41,0.59,0.61,316.6,116.6,86.2,339.4,2909.0,1621.4
0xsmoke0016,1770004855,0.45,0.47,0.53,0.55,207.6,179.6,209.6,208.1,3886.4,2577.2
0xsmoke0016,1770004860,0.36,0.38,0.62,0.64,275.9,180.7,465.9,343.1,4293.5,1548.3
0xsmoke0016,1770004865,0.39,0.41,0.59,0.61,335.8,218.6,163.0,94.5,648.0,1382.0
0xsmoke0016,1770004870,0.45,0.47,0.53,0.55,288.8,229.1,70.4,115.0,582.8,681.9
0xsmoke0016,1770004875,0.39,0.41,0.59,0.61,337.3,119.0,447.6,494.3,3267.7,717.5
0xsmoke0016,1770004880,0.43,0.45,0.55,0.57,279.9,470.7,491.9,381.6,4506.5,937.1
0xsmoke0016,1770004885,0.4,0.42,0.58,0.6,265.2,147.5,303.8,303.3,4871.8,801.6
0xsmoke0016,1770004890,0.38,0.4,0.6,0.62,127.0,150.4,193.3,216.0,4808.5,1977.8
0xsmoke0016,1770004895,0.42,0.44,0.56,0.58,124.6,149.3,147.5,306.0,1853.5,1750.3
0xsmoke0016,1770004900,0.39,0.41,0.59,0.61,57.4,438.5,73.2,235.1,4948.5,1255.9
0xsmoke0016,1770004905,0.36,0.38,0.62,0.64,268.6,333.8,222.1,149.0,3609.5,3153.9
0xsmoke0016,1770004910,0.43,0.45,0.55,0.57,327.0,428.0,281.6,224.5,3270.8,2772.5
0xsmoke0016,1770004915,0.44,0.46,0.54,0.56,456.4,105.9,384.2,245.0,4025.5,2853.6
0xsmoke0016,1770004920,0.43,0.45,0.55,0.57,261.5,161.2,396.6,422.4,2761.6,4680.8
0xsmoke0016,1770004925,0.4,0.42,0.58,0.6,469.7,137.9,474.6,395.4,4742.5,2074.9
0xsmoke0016,1770004930,0.48,0.5,0.5,0.52,452.4,352.6,180.1,180.1,4758.4,3521.1
0xsmoke0016,1770004935,0.4,0.42,0.58,0.6,166.4,300.6,135.3,259.6,3504.6,878.8
0xsmoke0016,1770004940,0.43,0.45,0.55,0.57,446.3,68.4,100.2,419.0,3543.9,2621.4
0xsmoke0016,1770004945,0.35,0.37,0.63,0.65,143.8,52.5,415.5,336.9,2015.7,3107.0
0xsmoke0016,1770004950,0.4,0.42,0.58,0.6,190.8,305.8,430.0,192.5,773.9,896.6
0xsmoke0016,1770004955,0.32,0.34,0.66,0.68,331.8,367.4,362.6,443.7,3568.1,3517.9
0xsmoke0016,1770004960,0.33,0.35,0.65,0.67,350.0,378.7,489.2,130.8,3393.8,1059.4
0xsmoke0016,1770004965,0.32,0.34,0.66,0.68,467.0,232.1,305.2,145.2,2795.1,609.7
0xsmoke0016,1770004970,0.23,0.25,0.75,0.77,479.4,359.3,349.5,299.7,1941.5,3982.1
0xsmoke0016,1770004975,0.26,0.28,0.72,0.74,201.5,296.4,488.7,380.3,3535.8,1076.3
0xsmoke0016,1770004980,0.3,0.32,0.68,0.7,240.3,332.8,302.4,403.5,644.3,939.2
0xsmoke0016,1770004985,0.23,0.25,0.75,0.77,141.1,356.7,102.5,91.6,2884.1,798.6
0xsmoke0016,1770004990,0.26,0.28,0.72,0.74,198.3,186.1,318.8,489.3,1773.9,1516.7
0xsmoke0016,1770004995,0.18,0.2,0.8,0.82,400.6,470.0,119.4,63.4,1876.0,1943.4
0xsmoke0016,1770005000,0.19,0.21,0.79,0.81,242.8,473.9,71.8,59.6,575.9,4176.2
0xsmoke0016,1770005005,0.21,0.23,0.77,0.79,362.7,344.1,415.8,288.4,1978.6,1004.2
0xsmoke0016,1770005010,0.21,0.23,0.77,0.79,137.8,466.8,393.4,178.1,2801.4,2612.6
0xsmoke0016,1770005015,0.16,0.18,0.82,0.84,476.1,174.0,326.4,277.0,4795.5,1481.5
0xsmoke0016,1770005020,0.18,0.2,0.8,0.82,90.9,294.7,481.9,373.7,641.3,4927.5
0xsmoke0016,1770005025,0.14,0.16,0.84,0.86,310.9,475.4,313.1,149.3,2431.8,3871.5
0xsmoke0016,1770005030,0.15,0.17,0.83,0.85,125.8,225.1,96.4,95.0,1046.6,2792.2
0xsmoke0016,1770005035,0.18,0.2,0.8,0.82,130.9,382.4,325.2,418.9,1223.5,3291.4
0xsmoke0016,1770005040,0.13,0.15,0.85,0.87,272.8,250.8,312.5,306.7,4632.9,3310.4
0xsmoke0016,1770005045,0.17,0.19,0.81,0.83,407.5,122.6,398.9,309.6,1670.5,3885.8
0xsmoke0016,1770005050,0.17,0.19,0.81,0.83,66.0,172.3,277.1,333.9,1914.3,3104.5
0xsmoke0016,1770005055,0.15,0.17,0.83,0.85,499.3,374.4,186.0,264.5,4135.7,4492.3
0xsmoke0016,1770005060,0.13,0.15,0.85,0.87,224.4,202.1,201.2,403.3,4807.6,3034.5
0xsmoke0016,1770005065,0.04,0.06,0.94,0.96,349.8,239.7,306.5,134.6,946.3,2325.0
0xsmoke0016,1770005070,0.07,0.09,0.91,0.93,118.4,484.2,363.4,224.7,4962.5,981.5
0xsmoke0016,1770005075,0.08,0.1,0.9,0.92,447.8,485.6,406.8,133.8,3049.0,820.7
0xsmoke0016,1770005080,0.08,0.1,0.9,0.92,438.4,51.1,93.7,97.6,3702.2,3328.0
0xsmoke0016,1770005085,0.01,0.03,0.97,0.99,234.6,478.2,144.7,80.5,3410.4,985.8
0xsmoke0016,1770005090,0.02,0.04,0.96,0.98,164.7,64.7,346.3,388.3,1913.8,1212.2
0xsmoke0016,1770005095,0.11,0.13,0.87,0.89,160.1,160.8,214.6,158.0,1606.6,4660.0
0xsmoke0016,1770005100,0.01,0.03,0.97,0.99,425.5,290.6,65.9,118.0,3451.0,3020.4
0xsmoke0017,1770005105,0.5,0.52,0.48,0.5,181.1,467.3,381.7,347.9,4658.4,1542.5
0xsmoke0017,1770005110,0.51,0.53,0.47,0.49,427.2,248.1,251.0,414.1,4997.3,4494.1
0xsmoke0017,1770005115,0.49,0.51,0.49,0.51,250.9,367.8,151.5,164.2,1419.3,3567.9
0xsmoke0017,1770005120,0.43,0.45,0.55,0.57,390.0,170.0,347.2,207.8,4208.5,2684.0
0xsmoke0017,1770005125,0.38,0.4,0.6,0.62,88.4,212.6,202.7,256.2,3458.8,4678.1
0xsmoke0017,1770005130,0.51,0.53,0.47,0.49,308.1,212.7,126.8,316.0,787.6,740.9
0xsmoke0017,1770005135,0.47,0.49,0.51,0.53,123.9,431.8,351.4,286.0,4713.0,1093.2
0xsmoke0017,1770005140,0.48,0.5,0.5,0.52,278.5,484.4,85.4,320.9,4637.8,1151.7
0xsmoke0017,1770005145,0.48,0.5,0.5,0.52,360.8,212.1,291.0,470.9,2605.9,2553.6
0xsmoke0017,1770005150,0.41,0.43,0.57,0.59,64.4,414.3,73.1,490.4,4867.8,4183.3
0xsmoke0017,1770005155,0.45,0.47,0.53,0.55,327.0,187.6,321.7,355.5,1137.4,3986.4
0xsmoke0017,1770005160,0.46,0.48,0.52,0.54,280.6,170.0,177.0,444.4,3965.9,781.8
0xsmoke0017,1770005165,0.42,0.44,0.56,0.58,466.2,366.8,361.5,168.8,3645.5,2205.8
0xsmoke0017,1770005170,0.45,0.47,0.53,0.55,367.0,195.2,447.6,398.3,1404.8,1466.5
0xsmoke0017,1770005175,0.41,0.43,0.57,0.59,396.5,88.7,173.9,381.4,1875.7,1786.3
0xsmoke0017,1770005180,0.47,0.49,0.51,0.53,72.7,307.3,112.3,483.7,616.6,1921.4
0xsmoke0017,1770005185,0.39,0.41,0.59,0.61,454.6,387.8,100.1,75.0,873.9,3828.1
0xsmoke0017,1770005190,0.34,0.36,0.64,0.66,334.7,270.1,258.4,318.0,988.3,4075.3
0xsmoke0017,1770005195,0.37,0.39,0.61,0.63,356.4,156.0,146.6,491.1,4768.7,3866.2
0xsmoke0017,1770005200,0.37,0.39,0.61,0.63,256.1,444.7,360.7,247.0,3566.4,858.4
0xsmoke0017,1770005205,0.38,0.4,0.6,0.62,429.7,265.9,300.3,302.3,4743.6,1403.8
0xsmoke0017,1770005210,0.37,0.39,0.61,0.63,252.1,155.9,71.8,324.7,1326.3,3121.2
0xsmoke0017,1770005215,0.36,0.38,0.62,0.64,232.5,449.6,90.5,302.5,2365.2,1181.3
0xsmoke0017,1770005220,0.4,0.42,0.58,0.6,440.1,139.1,355.8,170.8,2836.8,2979.5
0xsmoke0017,1770005225,0.4,0.42,0.58,0.6,413.6,220.3,144.4,143.5,4933.3,4743.8
0xsmoke0017,1770005230,0.41,0.43,0.57,0.59,171.8,368.7,73.8,436.5,525.6,722.3
0xsmoke0017,1770005235,0.4,0.42,0.58,0.6,255.3,52.4,178.5,492.7,3982.2,763.5
0xsmoke0017,1770005240,0.43,0.45,0.55,0.57,259.6,495.2,194.5,189.3,3556.1,2696.3
0xsmoke0017,1770005245,0.4,0.42,0.58,0.6,286.1,336.7,190.6,420.9,3869.5,3889.1
0xsmoke0017,1770005250,0.38,0.4,0.6,0.62,153.6,367.7,128.6,113.9,2767.0,1275.7
0xsmoke0017,1770005255,0.33,0.35,0.65,0.67,316.5,489.0,75.0,249.9,906.5,2924.4
0xsmoke0017,1770005260,0.31,0.33,0.67,0.69,270.7,67.6,365.4,278.5,3079.8,3506.7
0xsmoke0017,1770005265,0.27,0.29,0.71,0.73,245.6,460.8,129.1,254.2,1296.0,2175.6
0xsmoke0017,1770005270,0.28,0.3,0.7,0.72,488.8,262.6,174.5,195.2,4557.5,2473.4
0xsmoke0017,1770005275,0.31,0.33,0.67,0.69,425.7,279.5,242.2,456.5,3857.6,564.0
0xsmoke0017,1770005280,0.19,0.21,0.79,0.81,254.6,131.0,459.6,238.8,3580.8,3878.6
0xsmoke0017,1770005285,0.26,0.28,0.72,0.74,492.6,303.3,75.6,291.5,582.8,4906.6
0xsmoke0017,1770005290,0.22,0.24,0.76,0.78,220.7,409.6,407.3,365.2,1558.4,919.3
0xsmoke0017,1770005295,0.26,0.28,0.72,0.74,449.8,205.5,223.9,231.4,1745.3,4722.5
0xsmoke0017,1770005300,0.23,0.25,0.75,0.77,369.2,322.4,90.3,82.5,1164.2,2736.0
0xsmoke0017,1770005305,0.2,0.22,0.78,0.8,498.1,455.3,382.6,222.5,2050.9,3637.3
0xsmoke0017,1770005310,0.16,0.18,0.82,0.84,394.5,377.8,104.0,411.8,920.2,1929.7
0xsmoke0017,1770005315,0.14,0.16,0.84,0.86,343.1,435.4,467.0,169.1,4080.6,2175.4
0xsmoke0017,1770005320,0.16,0.18,0.82,0.84,98.1,106.8,334.1,338.7,4313.7,1827.9
0xsmoke0017,1770005325,0.16,0.18,0.82,0.84,170.0,191.1,345.1,226.6,4991.1,1924.5
0xsmoke0017,1770005330,0.11,0.13,0.87,0.89,445.6,442.9,123.3,201.9,2795.6,798.2
0xsmoke0017,1770005335,0.14,0.16,0.84,0.86,116.9,186.6,170.8,358.1,1093.5,4936.8
0xsmoke0017,1770005340,0.06,0.08,0.92,0.94,287.9,366.5,476.7,326.4,4349.6,2889.3
0xsmoke0017,1770005345,0.08,0.1,0.9,0.92,239.4,323.1,288.9,402.2,2927.9,2225.2
0xsmoke0017,1770005350,0.13,0.15,0.85,0.87,283.8,54.5,197.7,307.8,3706.1,2423.9
0xsmoke0017,1770005355,0.02,0.04,0.96,0.98,276.5,216.3,159.1,408.9,4649.1,3782.0
0xsmoke0017,1770005360,0.06,0.08,0.92,0.94,367.7,277.3,466.1,52.7,3978.4,2598.6
0xsmoke0017,1770005365,0.05,0.07,0.93,0.95,322.6,53.4,361.3,290.0,1576.7,1048.6
0xsmoke0017,1770005370,0.09,0.11,0.89,0.91,302.4,265.2,57.7,116.6,3563.6,2955.8
0xsmoke0017,1770005375,0.05,0.07,0.93,0.95,236.5,165.6,409.2,148.2,772.6,2158.6
0xsmoke0017,1770005380,0.1,0.12,0.88,0.9,144.1,480.0,154.1,104.9,3476.9,1144.1
0xsmoke0017,1770005385,0.07,0.09,0.91,0.93,236.2,173.3,344.2,113.0,3398.8,1021.2
0xsmoke0017,1770005390,0.06,0.08,0.92,0.94,490.4,404.1,475.8,295.7,1213.4,2166.0
0xsmoke0017,1770005395,0.02,0.04,0.96,0.98,109.4,348.9,195.1,462.9,2077.1,1951.3
0xsmoke0017,1770005400,0.03,0.05,0.95,0.97,292.9,478.7,293.2,383.6,2842.3,872.5
0xsmoke0018,1770005405,0.45,0.47,0.53,0.55,317.4,318.3,184.3,170.1,1981.6,639.0
0xsmoke0018,1770005410,0.5,0.52,0.48,0.5,179.1,280.5,460.2,365.4,2822.0,3725.1
0xsmoke0018,1770005415,0.45,0.47,0.53,0.55,71.3,358.9,367.4,344.9,4336.1,4017.6
0xsmoke0018,1770005420,0.46,0.48,0.52,0.54,70.7,499.9,314.7,316.8,3259.4,1715.3
0xsmoke0018,1770005425,0.48,0.5,0.5,0.52,444.6,320.1,482.2,143.8,3134.6,3200.0
0xsmoke0018,1770005430,0.45,0.47,0.53,0.55,331.7,223.0,243.5,133.5,3175.5,3530.2
0xsmoke0018,1770005435,0.47,0.49,0.51,0.53,428.8,491.1,489.1,365.3,1763.3,2930.7
0xsmoke0018,1770005440,0.43,0.45,0.55,0.57,304.8,187.5,291.4,387.5,772.8,4442.3
0xsmoke0018,1770005445,0.47,0.49,0.51,0.53,270.5,148.3,67.6,265.9,1678.9,860.0
0xsmoke0018,1770005450,0.43,0.45,0.55,0.57,160.5,472.2,323.9,209.8,772.6,4349.6
0xsmoke0018,1770005455,0.46,0.48,0.52,0.54,399.3,287.9,255.0,86.3,2391.2,574.1
0xsmoke0018,1770005460,0.44,0.46,0.54,0.56,368.2,111.2,279.3,130.1,3704.2,1350.6
0xsmoke0018,1770005465,0.45,0.47,0.53,0.55,178.0,487.2,418.3,231.5,4075.0,2126.5
0xsmoke0018,1770005470,0.39,0.41,0.59,0.61,453.7,66.5,406.9,481.9,878.8,4366.7
0xsmoke0018,1770005475,0.43,0.45,0.55,0.57,69.1,249.9,167.1,222.9,2218.1,2275.4
0xsmoke0018,1770005480,0.41,0.43,0.57,0.59,172.1,180.5,342.2,363.2,3877.0,3366.5
0xsmoke0018,1770005485,0.38,0.4,0.6,0.62,300.3,191.0,68.1,377.1,3030.5,1235.2
0xsmoke0018,1770005490,0.39,0.41,0.59,0.61,474.9,322.5,189.1,413.0,2276.5,567.4
0xsmoke0018,1770005495,0.41,0.43,0.57,0.59,482.7,92.2,402.5,63.8,2407.0,1769.1
0xsmoke0018,1770005500,0.43,0.45,0.55,0.57,90.9,230.9,391.7,286.2,1094.7,4124.8
0xsmoke0018,1770005505,0.3,0.32,0.68,0.7,255.3,211.6,58.0,81.7,2188.9,1010.0
0xsmoke0018,1770005510,0.45,0.47,0.53,0.55,339.9,190.8,313.2,125.7,4627.9,2753.5
0xsmoke0018,1770005515,0.36,0.38,0.62,0.64,131.9,263.2,371.2,224.4,792.8,2611.2
0xsmoke0018,1770005520,0.46,0.48,0.52,0.54,257.9,490.9,301.8,447.2,646.5,3341.1
0xsmoke0018,1770005525,0.42,0.44,0.56,0.58,211.0,455.9,91.4,268.7,1879.2,4820.1
0xsmoke0018,1770005530,0.43,0.45,0.55,0.57,140.3,107.5,60.7,130.8,4680.5,4427.8
0xsmoke0018,1770005535,0.47,0.49,0.51,0.53,230.1,266.8,308.8,414.6,519.2,1315.8
0xsmoke0018,1770005540,0.47,0.49,0.51,0.53,113.6,472.2,70.1,488.1,1465.5,1372.3
0xsmoke0018,1770005545,0.42,0.44,0.56,0.58,337.0,490.8,264.3,454.1,4507.2,4930.1
0xsmoke0018,1770005550,0.41,0.43,0.57,0.59,263.5,59.7,222.7,209.1,1059.8,4246.0
0xsmoke0018,1770005555,0.33,0.35,0.65,0.67,108.8,102.0,61.0,389.8,2893.9,2856.3
0xsmoke0018,1770005560,0.3,0.32,0.68,0.7,483.7,220.1,263.7,360.5,4680.9,4363.4
0xsmoke0018,1770005565,0.28,0.3,0.7,0.72,132.5,475.1,420.7,198.4,4124.3,4787.8
0xsmoke0018,1770005570,0.29,0.31,0.69,0.71,382.4,427.3,445.4,401.5,849.8,1438.9
0xsmoke0018,1770005575,0.2,0.22,0.78,0.8,259.7,79.5,297.8,465.9,4916.9,668.7
0xsmoke0018,1770005580,0.28,0.3,0.7,0.72,114.4,438.0,64.0,96.4,1956.3,523.8
0xsmoke0018,1770005585,0.22,0.24,0.76,0.78,142.5,374.0,477.3,261.7,2615.6,4984.0
0xsmoke0018,1770005590,0.25,0.27,0.73,0.75,448.6,370.9,54.1,183.9,3744.5,703.0
0xsmoke0018,1770005595,0.17,0.19,0.81,0.83,460.5,391.8,415.0,318.8,4138.1,2603.9
0xsmoke0018,1770005600,0.2,0.22,0.78,0.8,366.3,259.4,189.8,169.1,2467.3,2219.1
0xsmoke0018,1770005605,0.2,0.22,0.78,0.8,402.8,409.2,430.2,213.0,2162.4,4271.3
0xsmoke0018,1770005610,0.18,0.2,0.8,0.82,365.9,286.1,349.9,363.6,3510.0,1557.7
0xsmoke0018,1770005615,0.2,0.22,0.78,0.8,478.7,453.9,277.1,347.6,909.9,2562.8
0xsmoke0018,1770005620,0.19,0.21,0.79,0.81,364.9,148.6,91.7,482.5,4318.4,1303.6
0xsmoke0018,1770005625,0.14,0.16,0.84,0.86,415.5,131.7,412.1,222.0,2003.9,1222.3
0xsmoke0018,1770005630,0.2,0.22,0.78,0.8,325.9,280.1,94.9,408.1,1925.5,1690.3
0xsmoke0018,1770005635,0.15,0.17,0.83,0.85,133.1,459.7,341.7,405.2,2032.9,2427.8
0xsmoke0018,1770005640,0.14,0.16,0.84,0.86,163.0,236.8,404.2,276.4,4249.8,1002.8
0xsmoke0018,1770005645,0.14,0.16,0.84,0.86,66.5,461.0,78.4,293.9,3530.1,1418.6
0xsmoke0018,1770005650,0.09,0.11,0.89,0.91,491.3,157.2,112.8,342.4,2815.9,3219.2
0xsmoke0018,1770005655,0.15,0.17,0.83,0.85,480.3,395.8,190.7,386.3,2521.4,4889.6
0xsmoke0018,1770005660,0.15,0.17,0.83,0.85,54.9,462.6,174.6,419.7,3251.9,3849.3
0xsmoke0018,1770005665,0.15,0.17,0.83,0.85,457.5,425.0,340.4,197.0,2722.2,1754.6
0xsmoke0018,1770005670,0.13,0.15,0.85,0.87,257.3,240.4,180.3,187.0,1901.8,1361.7
0xsmoke0018,1770005675,0.12,0.14,0.86,0.88,91.6,161.7,126.8,368.0,1760.0,948.5
0xsmoke0018,1770005680,0.1,0.12,0.88,0.9,247.0,411.9,194.3,205.9,3015.6,813.5
0xsmoke0018,1770005685,0.07,0.09,0.91,0.93,110.0,460.9,346.7,393.9,1444.9,4514.2
0xsmoke0018,1770005690,0.03,0.05,0.95,0.97,236.0,136.7,127.1,438.2,4863.3,2382.2
0xsmoke0018,1770005695,0.07,0.09,0.91,0.93,364.4,272.2,266.1,298.9,2059.8,3855.2
0xsmoke0018,1770005700,0.01,0.03,0.97,0.99,277.1,131.8,489.1,85.0,3726.2,3473.1
0xsmoke0019,1770005705,0.44,0.46,0.54,0.56,489.5,66.4,172.8,202.0,3389.0,3155.6
0xsmoke0019,1770005710,0.43,0.45,0.55,0.57,437.2,58.7,302.3,230.5,3601.9,2871.0
0xsmoke0019,1770005715,0.55,0.57,0.43,0.45,53.1,189.8,250.7,201.7,2206.6,3429.8
0xsmoke0019,1770005720,0.52,0.54,0.46,0.48,432.9,212.6,245.5,245.0,4564.5,3221.6
0xsmoke0019,1770005725,0.45,0.47,0.53,0.55,52.0,480.0,137.7,453.8,697.8,4353.2
0xsmoke0019,1770005730,0.46,0.48,0.52,0.54,358.4,226.0,224.7,120.5,1132.3,3309.0
0xsmoke0019,1770005735,0.5,0.52,0.48,0.5,63.0,126.3,126.5,137.0,2543.8,4597.2
0xsmoke0019,1770005740,0.5,0.52,0.48,0.5,383.1,97.5,361.6,439.3,4976.3,3705.2
0xsmoke0019,1770005745,0.48,0.5,0.5,0.52,482.9,108.1,406.8,373.7,3767.9,2096.2
0xsmoke0019,1770005750,0.48,0.5,0.5,0.52,113.7,354.6,190.4,477.1,1048.4,4164.4
0xsmoke0019,1770005755,0.39,0.41,0.59,0.61,182.4,164.6,209.0,215.6,1517.5,1485.4
0xsmoke0019,1770005760,0.49,0.51,0.49,0.51,239.6,330.4,366.2,199.4,4707.4,1822.2
0xsmoke0019,1770005765,0.38,0.4,0.6,0.62,70.0,168.3,77.6,332.4,3089.5,601.4
0xsmoke0019,1770005770,0.44,0.46,0.54,0.56,377.9,297.6,475.2,288.4,1292.7,4008.8
0xsmoke0019,1770005775,0.44,0.46,0.54,0.56,77.0,276.7,151.9,456.8,931.1,4130.1
0xsmoke0019,1770005780,0.45,0.47,0.53,0.55,338.6,361.4,392.3,73.9,2674.3,1065.3
0xsmoke0019,1770005785,0.4,0.42,0.58,0.6,122.8,116.6,470.7,302.2,1641.7,2684.8
0xsmoke0019,1770005790,0.44,0.46,0.54,0.56,147.2,332.2,362.5,327.1,4930.8,4908.1
0xsmoke0019,1770005795,0.44,0.46,0.54,0.56,259.6,390.7,162.1,439.2,1596.8,4958.5
0xsmoke0019,1770005800,0.39,0.41,0.59,0.61,408.3,275.3,417.3,284.5,4250.6,3687.8
0xsmoke0019,1770005805,0.39,0.41,0.59,0.61,478.1,103.1,466.8,284.8,3683.6,3507.0
0xsmoke0019,1770005810,0.37,0.39,0.61,0.63,287.0,487.7,269.7,462.5,538.0,3084.0
0xsmoke0019,1770005815,0.38,0.4,0.6,0.62,227.9,86.6,406.4,388.8,2215.6,939.1
0xsmoke0019,1770005820,0.4,0.42,0.58,0.6,399.2,425.4,418.5,168.4,3310.8,2596.0
0xsmoke0019,1770005825,0.42,0.44,0.56,0.58,234.7,353.0,499.2,262.7,2149.6,3325.6
0xsmoke0019,1770005830,0.44,0.46,0.54,0.56,233.2,340.7,345.5,386.0,1251.6,3436.5
0xsmoke0019,1770005835,0.41,0.43,0.57,0.59,445.7,328.3,414.9,414.6,1458.3,849.1
0xsmoke0019,1770005840,0.42,0.44,0.56,0.58,75.0,476.7,360.6,240.5,3516.0,1093.9
0xsmoke0019,1770005845,0.4,0.42,0.58,0.6,464.0,50.1,472.1,189.8,2286.2,4728.0
0xsmoke0019,1770005850,0.38,0.4,0.6,0.62,223.2,490.8,64.7,347.2,2792.4,4493.5
0xsmoke0019,1770005855,0.32,0.34,0.66,0.68,194.7,265.2,83.0,340.5,4314.3,4578.3
0xsmoke0019,1770005860,0.3,0.32,0.68,0.7,277.9,493.3,82.2,367.2,1787.1,4588.5
0xsmoke0019,1770005865,0.36,0.38,0.62,0.64,453.3,72.7,322.5,239.0,985.4,2341.0
0xsmoke0019,1770005870,0.29,0.31,0.69,0.71,311.9,317.2,175.8,279.0,2508.7,4595.1
0xsmoke0019,1770005875,0.26,0.28,0.72,0.74,246.8,276.5,181.7,305.1,1086.7,4845.5
0xsmoke0019,1770005880,0.24,0.26,0.74,0.76,54.1,183.6,477.0,189.6,2239.3,4886.5
0xsmoke0019,1770005885,0.26,0.28,0.72,0.74,212.2,124.2,225.8,217.9,4525.9,2927.1
0xsmoke0019,1770005890,0.2,0.22,0.78,0.8,493.8,441.3,232.9,225.8,2963.7,3556.8
0xsmoke0019,1770005895,0.26,0.28,0.72,0.74,417.9,190.8,381.2,219.3,3994.5,560.0
0xsmoke0019,1770005900,0.25,0.27,0.73,0.75,364.1,116.0,162.7,190.0,2810.9,4575.5
0xsmoke0019,1770005905,0.18,0.2,0.8,0.82,321.3,99.2,490.3,482.2,896.5,3496.0
0xsmoke0019,1770005910,0.22,0.24,0.76,0.78,347.4,376.3,52.3,188.9,2019.0,3421.8
0xsmoke0019,1770005915,0.14,0.16,0.84,0.86,174.4,128.9,71.3,263.0,1418.8,2669.8
0xsmoke0019,1770005920,0.16,0.18,0.82,0.84,406.4,100.2,397.0,345.9,1212.2,2203.1
0xsmoke0019,1770005925,0.16,0.18,0.82,0.84,254.7,353.6,56.7,124.5,3643.5,918.2
0xsmoke0019,1770005930,0.2,0.22,0.78,0.8,216.7,66.3,395.8,160.3,4993.3,4651.8
0xsmoke0019,1770005935,0.15,0.17,0.83,0.85,447.7,83.1,62.0,230.4,2392.3,2339.6
0xsmoke0019,1770005940,0.19,0.21,0.79,0.81,402.8,404.7,468.6,354.4,4448.0,910.6
0xsmoke0019,1770005945,0.14,0.16,0.84,0.86,253.2,447.3,223.5,99.9,1068.2,1529.8
0xsmoke0019,1770005950,0.19,0.21,0.79,0.81,201.3,436.7,474.0,398.6,4655.4,1648.4
0xsmoke0019,1770005955,0.15,0.17,0.83,0.85,158.8,58.1,468.9,142.7,3335.0,1780.2
0xsmoke0019,1770005960,0.12,0.14,0.86,0.88,246.1,374.4,140.4,179.9,1123.2,1961.8
0xsmoke0019,1770005965,0.14,0.16,0.84,0.86,483.6,56.8,430.3,380.3,856.3,1222.0
0xsmoke0019,1770005970,0.11,0.13,0.87,0.89,137.4,458.6,293.0,493.0,2771.1,1090.0
0xsmoke0019,1770005975,0.03,0.05,0.95,0.97,250.4,81.9,418.3,454.6,4838.0,3399.0
0xsmoke0019,1770005980,0.1,0.12,0.88,0.9,137.7,483.9,380.7,350.8,3625.1,4287.3
0xsmoke0019,1770005985,0.13,0.15,0.85,0.87,100.3,496.1,64.2,172.2,2713.6,680.8
0xsmoke0019,1770005990,0.01,0.03,0.97,0.99,441.7,331.4,312.7,58.2,2422.5,1048.8
0xsmoke0019,1770005995,0.04,0.06,0.94,0.96,224.9,241.1,192.2,401.5,2584.7,4586.0
0xsmoke0019,1770006000,0.09,0.11,0.89,0.91,114.6,209.8,442.2,211.5,4192.6,3618.6
0xsmoke0020,1770006005,0.49,0.51,0.49,0.51,136.1,100.7,252.2,362.6,1823.0,4795.1
0xsmoke0020,1770006010,0.49,0.51,0.49,0.51,403.5,126.5,499.1,94.3,4644.7,2306.8
0xsmoke0020,1770006015,0.44,0.46,0.54,0.56,68.4,148.7,222.5,471.1,4854.6,858.3
0xsmoke0020,1770006020,0.45,0.47,0.53,0.55,64.6,96.7,327.2,287.1,4551.1,4566.6
0xsmoke0020,1770006025,0.49,0.51,0.49,0.51,335.2,412.8,397.6,305.3,2805.3,3069.9
0xsmoke0020,1770006030,0.45,0.47,0.53,0.55,304.3,451.2,206.6,248.3,2471.3,4399.4
0xsmoke0020,1770006035,0.38,0.4,0.6,0.62,247.7,388.1,226.5,435.0,2920.1,945.2
0xsmoke0020,1770006040,0.49,0.51,0.49,0.51,115.9,247.7,213.9,202.7,4232.2,4537.9
0xsmoke0020,1770006045,0.45,0.47,0.53,0.55,394.8,451.8,462.9,128.5,4538.4,1224.8
0xsmoke0020,1770006050,0.46,0.48,0.52,0.54,405.9,114.4,484.0,469.3,500.4,3363.6
0xsmoke0020,1770006055,0.45,0.47,0.53,0.55,293.2,291.8,314.1,298.9,3117.6,3562.2
0xsmoke0020,1770006060,0.47,0.49,0.51,0.53,87.1,155.4,52.6,80.1,1407.5,4559.3
0xsmoke0020,1770006065,0.39,0.41,0.59,0.61,320.5,190.8,494.5,136.7,2276.8,2164.1
0xsmoke0020,1770006070,0.48,0.5,0.5,0.52,83.3,225.9,140.8,60.6,4485.7,2044.1
0xsmoke0020,1770006075,0.42,0.44,0.56,0.58,327.3,265.2,360.4,212.0,1130.9,3378.1
0xsmoke0020,1770006080,0.4,0.42,0.58,0.6,444.5,197.0,150.1,133.7,1653.1,1573.2
0xsmoke0020,1770006085,0.41,0.43,0.57,0.59,217.5,486.3,141.8,473.1,2011.0,2674.9
0xsmoke0020,1770006090,0.43,0.45,0.55,0.57,401.3,476.0,292.5,193.0,3538.0,3583.1
0xsmoke0020,1770006095,0.42,0.44,0.56,0.58,98.2,475.8,374.4,420.3,1345.8,4885.1
0xsmoke0020,1770006100,0.4,0.42,0.58,0.6,113.0,211.7,208.2,76.2,4309.3,4415.8
0xsmoke0020,1770006105,0.35,0.37,0.63,0.65,297.9,441.8,220.1,279.1,1598.1,2605.9
0xsmoke0020,1770006110,0.36,0.38,0.62,0.64,420.9,121.6,64.8,455.3,1274.9,2971.4
0xsmoke0020,1770006115,0.39,0.41,0.59,0.61,197.1,468.1,202.0,138.6,794.0,4549.0
0xsmoke0020,1770006120,0.48,0.5,0.5,0.52,453.9,255.4,469.8,89.1,4348.6,4907.0
0xsmoke0020,1770006125,0.46,0.48,0.52,0.54,110.1,498.9,410.5,144.5,4867.1,888.1
0xsmoke0020,1770006130,0.45,0.47,0.53,0.55,56.7,316.6,231.7,88.6,2718.8,4464.4
0xsmoke0020,1770006135,0.47,0.49,0.51,0.53,337.5,125.9,279.8,204.2,1741.2,555.1
0xsmoke0020,1770006140,0.44,0.46,0.54,0.56,249.6,361.1,133.1,492.6,588.9,1381.6
0xsmoke0020,1770006145,0.4,0.42,0.58,0.6,110.3,167.2,275.8,390.4,4390.2,1925.5
0xsmoke0020,1770006150,0.34,0.36,0.64,0.66,60.4,450.8,352.3,456.0,1446.7,2735.0
0xsmoke0020,1770006155,0.25,0.27,0.73,0.75,61.4,428.5,368.5,404.6,1231.3,3996.7
0xsmoke0020,1770006160,0.28,0.3,0.7,0.72,117.5,109.4,436.0,229.3,1724.2,2157.0
0xsmoke0020,1770006165,0.31,0.33,0.67,0.69,111.4,122.9,342.3,452.4,3523.5,4752.8
0xsmoke0020,1770006170,0.25,0.27,0.73,0.75,209.3,217.7,211.4,170.9,4067.3,1774.9
0xsmoke0020,1770006175,0.23,0.25,0.75,0.77,262.6,498.3,198.2,360.9,1974.4,4102.0
0xsmoke0020,1770006180,0.26,0.28,0.72,0.74,59.7,285.4,201.9,169.1,1816.8,508.7
0xsmoke0020,1770006185,0.22,0.24,0.76,0.78,296.5,336.3,306.3,221.5,2564.2,2643.4
0xsmoke0020,1770006190,0.25,0.27,0.73,0.75,206.8,118.6,87.7,201.8,3075.5,3121.2
0xsmoke0020,1770006195,0.17,0.19,0.81,0.83,346.7,87.5,225.4,216.7,1007.9,3148.1
0xsmoke0020,1770006200,0.22,0.24,0.76,0.78,69.3,288.5,103.8,399.4,3013.3,796.7
0xsmoke0020,1770006205,0.2,0.22,0.78,0.8,158.4,143.3,350.2,232.0,4677.0,4624.2
0xsmoke0020,1770006210,0.26,0.28,0.72,0.74,234.6,457.1,82.4,399.1,2115.4,4395.6
0xsmoke0020,1770006215,0.2,0.22,0.78,0.8,308.8,81.3,182.6,304.1,1125.3,3624.1
0xsmoke0020,1770006220,0.17,0.19,0.81,0.83,150.7,292.1,250.6,65.1,3692.8,3715.8
0xsmoke0020,1770006225,0.15,0.17,0.83,0.85,473.7,216.7,339.4,323.5,735.7,3757.3
0xsmoke0020,1770006230,0.17,0.19,0.81,0.83,241.2,329.3,277.0,176.0,4429.1,922.1
0xsmoke0020,1770006235,0.21,0.23,0.77,0.79,133.2,466.2,471.4,371.1,4478.7,3948.7
0xsmoke0020,1770006240,0.13,0.15,0.85,0.87,386.4,459.8,147.6,378.2,1307.1,2574.1
0xsmoke0020,1770006245,0.18,0.2,0.8,0.82,335.2,337.5,456.1,427.9,793.2,1279.3
0xsmoke0020,1770006250,0.1,0.12,0.88,0.9,369.7,205.8,488.8,146.4,4804.2,3904.4
0xsmoke0020,1770006255,0.11,0.13,0.87,0.89,323.4,448.1,155.4,441.0,4463.9,3229.0
0xsmoke0020,1770006260,0.11,0.13,0.87,0.89,153.0,271.1,314.1,192.3,690.2,4773.2
0xsmoke0020,1770006265,0.11,0.13,0.87,0.89,214.3,289.4,316.0,481.1,3013.0,3755.9
0xsmoke0020,1770006270,0.1,0.12,0.88,0.9,95.2,311.8,468.5,420.8,4648.7,1230.3
0xsmoke0020,1770006275,0.07,0.09,0.91,0.93,175.6,444.1,402.9,218.8,3107.0,2612.5
0xsmoke0020,1770006280,0.09,0.11,0.89,0.91,299.2,84.9,291.0,58.6,1112.2,2708.9
0xsmoke0020,1770006285,0.01,0.03,0.97,0.99,81.0,203.2,179.2,179.0,2493.7,655.5
0xsmoke0020,1770006290,0.05,0.07,0.93,0.95,155.8,372.3,471.5,389.9,845.6,4212.1
0xsmoke0020,1770006295,0.06,0.08,0.92,0.94,429.9,377.3,167.4,272.7,2480.0,656.6
0xsmoke0020,1770006300,0.05,0.07,0.93,0.95,169.2,478.6,349.9,414.4,645.7,3704.1
0xsmoke0021,1770006305,0.52,0.54,0.46,0.48,257.7,163.6,269.1,297.5,2452.3,1931.9
0xsmoke0021,1770006310,0.53,0.55,0.45,0.47,451.3,170.8,447.1,74.7,3595.8,2049.8
0xsmoke0021,1770006315,0.49,0.51,0.49,0.51,209.6,86.2,124.8,494.1,2372.1,4776.1
0xsmoke0021,1770006320,0.46,0.48,0.52,0.54,454.5,250.2,496.1,264.9,1663.9,1291.3
0xsmoke0021,1770006325,0.51,0.53,0.47,0.49,99.5,356.9,213.2,443.2,1390.4,4702.8
0xsmoke0021,1770006330,0.45,0.47,0.53,0.55,171.5,202.9,168.2,236.8,4112.6,820.6
0xsmoke0021,1770006335,0.58,0.6,0.4,0.42,398.9,103.9,279.3,440.7,1921.7,1020.5
0xsmoke0021,1770006340,0.46,0.48,0.52,0.54,472.9,92.8,438.8,104.3,1235.6,3974.6
0xsmoke0021,1770006345,0.46,0.48,0.52,0.54,194.3,365.9,116.6,446.6,3090.8,4757.8
0xsmoke0021,1770006350,0.46,0.48,0.52,0.54,307.3,436.1,312.3,89.0,3253.2,1821.1
0xsmoke0021,1770006355,0.43,0.45,0.55,0.57,499.1,324.5,425.2,209.4,552.7,710.6
0xsmoke0021,1770006360,0.42,0.44,0.56,0.58,148.0,171.8,194.7,344.5,3870.1,3959.5
0xsmoke0021,1770006365,0.43,0.45,0.55,0.57,434.7,374.5,256.6,235.9,866.7,560.1
0xsmoke0021,1770006370,0.3,0.32,0.68,0.7,116.9,438.9,229.7,77.0,4230.5,3715.0
0xsmoke0021,1770006375,0.51,0.53,0.47,0.49,293.8,468.5,277.8,167.7,2304.9,3469.7
0xsmoke0021,1770006380,0.4,0.42,0.58,0.6,417.3,468.8,291.7,257.4,2864.3,4699.4
0xsmoke0021,1770006385,0.34,0.36,0.64,0.66,77.2,226.4,342.4,424.8,4743.3,3593.8
0xsmoke0021,1770006390,0.42,0.44,0.56,0.58,415.6,414.0,319.7,475.2,4511.7,534.8
0xsmoke0021,1770006395,0.31,0.33,0.67,0.69,496.5,349.9,113.0,459.9,901.6,2919.9
0xsmoke0021,1770006400,0.38,0.4,0.6,0.62,179.8,157.6,89.0,219.7,951.0,3308.9
0xsmoke0021,1770006405,0.43,0.45,0.55,0.57,395.1,471.9,449.1,382.8,4012.2,914.2
0xsmoke0021,1770006410,0.33,0.35,0.65,0.67,309.3,294.4,353.3,134.3,2614.9,1048.6
0xsmoke0021,1770006415,0.37,0.39,0.61,0.63,274.9,109.6,486.4,311.3,3898.3,4114.3
0xsmoke0021,1770006420,0.38,0.4,0.6,0.62,249.6,176.2,73.2,330.8,995.5,2161.7
0xsmoke0021,1770006425,0.42,0.44,0.56,0.58,456.8,419.9,136.9,473.7,1130.3,4632.8
0xsmoke0021,1770006430,0.5,0.52,0.48,0.5,486.9,492.9,286.3,190.5,4632.4,1910.8
0xsmoke0021,1770006435,0.4,0.42,0.58,0.6,306.0,113.8,255.2,112.0,2538.9,4582.8
0xsmoke0021,1770006440,0.45,0.47,0.53,0.55,481.2,376.3,385.9,242.2,4525.8,1103.5
0xsmoke0021,1770006445,0.38,0.4,0.6,0.62,103.2,233.8,76.9,366.7,1322.4,3601.9
0xsmoke0021,1770006450,0.35,0.37,0.63,0.65,361.3,366.1,403.8,265.5,3067.3,1628.2
0xsmoke0021,1770006455,0.33,0.35,0.65,0.67,90.3,479.6,468.1,83.1,548.8,2277.7
0xsmoke0021,1770006460,0.28,0.3,0.7,0.72,265.6,201.9,330.1,230.2,2326.9,645.5
0xsmoke0021,1770006465,0.28,0.3,0.7,0.72,87.4,436.2,264.8,209.5,3475.1,4484.4
0xsmoke0021,1770006470,0.25,0.27,0.73,0.75,230.6,488.1,438.8,226.0,2130.0,4171.6
0xsmoke0021,1770006475,0.3,0.32,0.68,0.7,103.4,307.0,305.8,306.2,3943.1,4465.9
0xsmoke0021,1770006480,0.26,0.28,0.72,0.74,196.6,432.3,160.2,443.8,3681.8,4310.0
0xsmoke0021,1770006485,0.23,0.25,0.75,0.77,97.8,371.6,273.3,132.7,959.4,1683.2
0xsmoke0021,1770006490,0.23,0.25,0.75,0.77,111.0,429.6,477.8,497.7,3017.3,3047.1
0xsmoke0021,1770006495,0.2,0.22,0.78,0.8,103.3,396.7,306.9,305.0,3889.9,4159.5
0xsmoke0021,1770006500,0.26,0.28,0.72,0.74,54.9,294.8,426.0,418.8,4770.0,2837.3
0xsmoke0021,1770006505,0.21,0.23,0.77,0.79,61.1,280.7,303.8,463.1,4482.0,781.0
0xsmoke0021,1770006510,0.2,0.22,0.78,0.8,222.1,401.0,124.8,398.3,3167.7,4448.8
0xsmoke0021,1770006515,0.16,0.18,0.82,0.84,231.1,77.1,283.1,398.6,2809.7,2846.5
0xsmoke0021,1770006520,0.19,0.21,0.79,0.81,395.0,191.4,475.1,376.2,1854.8,1451.1
0xsmoke0021,1770006525,0.21,0.23,0.77,0.79,278.1,319.5,108.2,394.6,4374.5,2389.2
0xsmoke0021,1770006530,0.14,0.16,0.84,0.86,488.7,488.7,106.1,293.3,2465.9,1760.9
0xsmoke0021,1770006535,0.16,0.18,0.82,0.84,350.7,215.0,188.4,438.5,3460.4,1874.3
0xsmoke0021,1770006540,0.13,0.15,0.85,0.87,223.1,472.6,423.8,144.5,3227.3,523.4
0xsmoke0021,1770006545,0.14,0.16,0.84,0.86,473.9,147.4,204.2,185.5,1337.4,3575.5
0xsmoke0021,1770006550,0.12,0.14,0.86,0.88,52.3,148.8,347.4,365.8,574.5,2974.9
0xsmoke0021,1770006555,0.12,0.14,0.86,0.88,336.6,343.1,401.1,200.8,4329.5,2487.2
0xsmoke0021,1770006560,0.08,0.1,0.9,0.92,343.1,204.2,335.8,218.0,2740.5,2999.1
0xsmoke0021,1770006565,0.06,0.08,0.92,0.94,183.3,351.4,154.8,406.0,1541.0,823.4
0xsmoke0021,1770006570,0.1,0.12,0.88,0.9,319.4,195.4,308.6,189.8,2477.8,4415.7
0xsmoke0021,1770006575,0.05,0.07,0.93,0.95,69.4,476.7,277.2,382.8,4682.9,1347.7
0xsmoke0021,1770006580,0.06,0.08,0.92,0.94,449.2,283.7,453.9,427.1,4993.3,3473.5
0xsmoke0021,1770006585,0.03,0.05,0.95,0.97,456.2,133.3,120.5,216.0,1431.3,1127.7
0xsmoke0021,1770006590,0.03,0.05,0.95,0.97,459.5,168.6,218.3,338.6,1849.9,2719.6
0xsmoke0021,1770006595,0.03,0.05,0.95,0.97,102.7,290.6,145.9,398.0,1436.8,4148.5
0xsmoke0021,1770006600,0.01,0.03,0.97,0.99,468.9,213.3,271.9,98.0,1747.6,2369.9
0xsmoke0022,1770006605,0.5,0.52,0.48,0.5,313.9,414.3,434.0,90.6,1917.0,4245.0
0xsmoke0022,1770006610,0.48,0.5,0.5,0.52,303.8,231.7,274.5,56.7,1078.8,2101.5
0xsmoke0022,1770006615,0.48,0.5,0.5,0.52,153.6,412.9,395.7,378.9,3048.7,4648.0
0xsmoke0022,1770006620,0.56,0.58,0.42,0.44,329.2,239.4,473.9,204.6,1572.1,3956.0
0xsmoke0022,1770006625,0.45,0.47,0.53,0.55,373.5,402.5,136.4,322.2,2917.1,4592.9
0xsmoke0022,1770006630,0.46,0.48,0.52,0.54,160.6,188.3,280.4,492.5,3640.7,3740.3
0xsmoke0022,1770006635,0.51,0.53,0.47,0.49,228.5,469.2,252.7,106.5,4010.1,1408.1
0xsmoke0022,1770006640,0.47,0.49,0.51,0.53,325.4,424.4,53.1,343.4,1113.0,3340.5
0xsmoke0022,1770006645,0.43,0.45,0.55,0.57,282.4,241.9,293.4,480.7,2084.9,2621.1
0xsmoke0022,1770006650,0.43,0.45,0.55,0.57,224.8,73.3,459.3,205.4,4719.4,1108.0
0xsmoke0022,1770006655,0.43,0.45,0.55,0.57,321.2,347.5,407.8,83.6,3826.8,617.3
0xsmoke0022,1770006660,0.46,0.48,0.52,0.54,431.3,306.7,468.9,437.9,2404.6,1766.9
0xsmoke0022,1770006665,0.48,0.5,0.5,0.52,69.0,372.3,412.7,71.5,2712.5,4238.5
0xsmoke0022,1770006670,0.42,0.44,0.56,0.58,237.5,477.2,240.2,190.5,2737.6,2060.7
0xsmoke0022,1770006675,0.4,0.42,0.58,0.6,273.6,84.9,321.6,312.1,3702.0,1593.2
0xsmoke0022,1770006680,0.39,0.41,0.59,0.61,368.5,216.0,318.9,171.9,2068.1,1683.4
0xsmoke0022,1770006685,0.43,0.45,0.55,0.57,341.5,155.9,192.2,258.1,3633.9,2161.1
0xsmoke0022,1770006690,0.41,0.43,0.57,0.59,283.5,254.4,498.6,311.1,707.8,3397.3
0xsmoke0022,1770006695,0.35,0.37,0.63,0.65,217.6,65.8,320.4,127.8,4749.2,1370.2
0xsmoke0022,1770006700,0.31,0.33,0.67,0.69,461.2,283.1,258.9,225.1,3870.6,1345.7
0xsmoke0022,1770006705,0.44,0.46,0.54,0.56,76.4,242.3,136.1,463.8,2527.4,1502.7
0xsmoke0022,1770006710,0.37,0.39,0.61,0.63,130.2,90.1,74.0,372.4,972.0,4287.3
0xsmoke0022,1770006715,0.37,0.39,0.61,0.63,461.5,129.5,406.8,318.8,4755.9,1819.3
0xsmoke0022,1770006720,0.51,0.53,0.47,0.49,327.3,135.3,320.1,376.3,4130.7,4351.1
0xsmoke0022,1770006725,0.44,0.46,0.54,0.56,391.3,196.0,394.4,118.1,2192.7,2328.0
0xsmoke0022,1770006730,0.47,0.49,0.51,0.53,327.1,416.2,52.7,178.0,3811.6,1577.8
0xsmoke0022,1770006735,0.39,0.41,0.59,0.61,189.7,350.1,74.9,462.3,1006.0,2350.4
0xsmoke0022,1770006740,0.44,0.46,0.54,0.56,186.6,291.2,286.1,407.4,4874.4,4103.3
0xsmoke0022,1770006745,0.47,0.49,0.51,0.53,139.0,145.5,55.6,91.8,4022.8,755.9
0xsmoke0022,1770006750,0.38,0.4,0.6,0.62,222.5,120.7,202.8,163.5,2341.3,1303.4
0xsmoke0022,1770006755,0.33,0.35,0.65,0.67,384.2,396.6,164.6,472.8,4249.6,2337.8
0xsmoke0022,1770006760,0.33,0.35,0.65,0.67,406.9,59.4,307.6,440.5,4605.9,4660.2
0xsmoke0022,1770006765,0.27,0.29,0.71,0.73,57.1,207.4,171.7,310.3,3762.6,4909.7
0xsmoke0022,1770006770,0.25,0.27,0.73,0.75,213.3,88.9,424.8,274.4,1549.3,2762.3
0xsmoke0022,1770006775,0.29,0.31,0.69,0.71,417.8,153.3,278.1,250.2,951.5,1121.1
0xsmoke0022,1770006780,0.3,0.32,0.68,0.7,245.6,300.0,385.4,459.6,911.9,4881.2
0xsmoke0022,1770006785,0.22,0.24,0.76,0.78,401.3,199.5,378.6,358.5,586.5,4422.3
0xsmoke0022,1770006790,0.24,0.26,0.74,0.76,271.6,147.8,316.3,131.9,3241.1,3964.6
0xsmoke0022,1770006795,0.15,0.17,0.83,0.85,426.9,221.7,350.8,251.4,4619.6,927.4
0xsmoke0022,1770006800,0.27,0.29,0.71,0.73,56.0,435.0,88.4,363.7,957.2,4011.7
0xsmoke0022,1770006805,0.17,0.19,0.81,0.83,81.6,441.5,309.4,431.3,4063.9,924.3
0xsmoke0022,1770006810,0.23,0.25,0.75,0.77,371.7,430.6,131.1,449.1,618.6,3958.5
0xsmoke0022,1770006815,0.18,0.2,0.8,0.82,223.3,222.0,188.4,264.0,2751.6,1242.9
0xsmoke0022,1770006820,0.16,0.18,0.82,0.84,287.1,135.7,94.2,163.5,1150.1,4393.6
0xsmoke0022,1770006825,0.16,0.18,0.82,0.84,341.5,54.4,347.5,479.4,3897.7,3937.2
0xsmoke0022,1770006830,0.18,0.2,0.8,0.82,264.8,455.7,156.5,277.5,3781.3,2018.9
0xsmoke0022,1770006835,0.19,0.21,0.79,0.81,65.9,357.0,125.2,166.5,1512.2,3731.7
0xsmoke0022,1770006840,0.13,0.15,0.85,0.87,497.2,409.7,465.6,359.2,1535.0,1957.0
0xsmoke0022,1770006845,0.16,0.18,0.82,0.84,141.1,260.0,406.0,284.8,1248.2,3797.5
0xsmoke0022,1770006850,0.15,0.17,0.83,0.85,263.5,113.8,378.7,292.6,4136.8,3225.5
0xsmoke0022,1770006855,0.07,0.09,0.91,0.93,56.5,342.7,320.8,400.5,1484.2,3134.4
0xsmoke0022,1770006860,0.08,0.1,0.9,0.92,389.6,85.9,120.9,475.4,3819.6,1634.4
0xsmoke0022,1770006865,0.07,0.09,0.91,0.93,245.3,155.1,113.1,486.4,1453.0,3866.0
0xsmoke0022,1770006870,0.13,0.15,0.85,0.87,381.0,186.4,150.1,327.5,4979.4,2249.1
0xsmoke0022,1770006875,0.1,0.12,0.88,0.9,278.7,135.4,206.1,380.9,1591.1,2517.3
0xsmoke0022,1770006880,0.05,0.07,0.93,0.95,121.6,115.0,484.2,440.5,4481.5,3075.8
0xsmoke0022,1770006885,0.05,0.07,0.93,0.95,98.9,158.0,100.6,289.5,2460.6,1276.8
0xsmoke0022,1770006890,0.08,0.1,0.9,0.92,308.5,113.5,55.8,151.5,4113.3,3459.5
0xsmoke0022,1770006895,0.02,0.04,0.96,0.98,151.4,260.4,54.5,196.4,2657.3,912.5
0xsmoke0022,1770006900,0.01,0.03,0.97,0.99,249.1,74.4,116.2,269.8,4536.7,756.0
0xsmoke0023,1770006905,0.51,0.53,0.47,0.49,178.0,224.8,465.1,333.4,1779.2,2533.0
0xsmoke0023,1770006910,0.44,0.46,0.54,0.56,440.3,241.6,288.4,256.3,1177.5,4854.9
0xsmoke0023,1770006915,0.55,0.57,0.43,0.45,148.6,99.7,473.8,461.7,3366.6,2878.9
0xsmoke0023,1770006920,0.51,0.53,0.47,0.49,216.7,450.4,300.8,435.1,3625.4,3555.3
0xsmoke0023,1770006925,0.46,0.48,0.52,0.54,399.2,416.0,357.4,194.3,1684.5,1381.7
0xsmoke0023,1770006930,0.52,0.54,0.46,0.48,268.6,50.1,319.6,438.6,4634.0,4723.5
0xsmoke0023,1770006935,0.5,0.52,0.48,0.5,129.5,282.0,368.8,339.5,2113.7,667.4
0xsmoke0023,1770006940,0.46,0.48,0.52,0.54,439.7,223.5,161.6,429.9,3445.6,3502.5
0xsmoke0023,1770006945,0.46,0.48,0.52,0.54,98.2,396.2,447.6,209.1,4424.8,1306.3
0xsmoke0023,1770006950,0.41,0.43,0.57,0.59,207.2,290.2,138.5,222.3,2577.8,3107.3
0xsmoke0023,1770006955,0.39,0.41,0.59,0.61,322.5,145.3,489.3,158.6,993.3,1720.1
0xsmoke0023,1770006960,0.47,0.49,0.51,0.53,250.8,346.7,99.4,235.6,3002.3,4886.0
0xsmoke0023,1770006965,0.43,0.45,0.55,0.57,307.2,185.2,101.7,334.6,3034.8,2634.2
0xsmoke0023,1770006970,0.46,0.48,0.52,0.54,259.4,400.6,179.8,197.3,4605.5,3105.7
0xsmoke0023,1770006975,0.37,0.39,0.61,0.63,77.7,466.2,75.8,386.5,3106.0,1046.4
0xsmoke0023,1770006980,0.45,0.47,0.53,0.55,265.9,301.1,269.5,62.2,4975.6,2084.7
0xsmoke0023,1770006985,0.37,0.39,0.61,0.63,468.0,488.4,132.6,451.5,2807.4,3448.2
0xsmoke0023,1770006990,0.37,0.39,0.61,0.63,114.8,310.6,456.4,238.4,4789.0,3675.8
0xsmoke0023,1770006995,0.39,0.41,0.59,0.61,470.3,100.6,149.9,303.3,4728.0,1106.7
0xsmoke0023,1770007000,0.4,0.42,0.58,0.6,70.5,89.6,243.8,309.1,2799.8,713.5
0xsmoke0023,1770007005,0.35,0.37,0.63,0.65,249.8,470.8,197.3,335.1,2695.5,4002.3
0xsmoke0023,1770007010,0.35,0.37,0.63,0.65,496.5,336.7,203.8,239.2,4352.3,2156.6
0xsmoke0023,1770007015,0.35,0.37,0.63,0.65,248.2,474.4,117.6,402.8,2500.8,1520.7
0xsmoke0023,1770007020,0.47,0.49,0.51,0.53,76.8,139.9,431.3,285.7,2022.0,1149.5
0xsmoke0023,1770007025,0.42,0.44,0.56,0.58,153.5,257.3,59.0,142.3,2426.5,4471.8
0xsmoke0023,1770007030,0.52,0.54,0.46,0.48,470.8,151.3,105.9,432.1,3644.0,1609.3
0xsmoke0023,1770007035,0.46,0.48,0.52,0.54,466.1,417.6,471.3,272.3,1366.7,2925.6
0xsmoke0023,1770007040,0.47,0.49,0.51,0.53,102.7,90.9,163.4,123.8,1659.8,3628.0
0xsmoke0023,1770007045,0.38,0.4,0.6,0.62,61.6,436.5,419.0,474.9,1480.7,3785.8
0xsmoke0023,1770007050,0.34,0.36,0.64,0.66,368.0,456.5,86.5,428.6,4364.6,3402.6
0xsmoke0023,1770007055,0.32,0.34,0.66,0.68,293.5,113.2,385.2,298.0,3088.1,3691.6
0xsmoke0023,1770007060,0.26,0.28,0.72,0.74,71.3,103.6,86.0,410.7,1095.7,2196.2
0xsmoke0023,1770007065,0.29,0.31,0.69,0.71,166.0,460.3,461.3,225.8,3139.8,4035.7
0xsmoke0023,1770007070,0.31,0.33,0.67,0.69,361.7,252.4,69.5,338.8,3466.5,3620.2
0xsmoke0023,1770007075,0.23,0.25,0.75,0.77,437.7,316.7,221.1,159.4,637.6,3703.6
0xsmoke0023,1770007080,0.21,0.23,0.77,0.79,434.3,194.9,187.7,402.7,2210.4,4936.4
0xsmoke0023,1770007085,0.3,0.32,0.68,0.7,471.8,104.8,70.9,56.0,4442.2,2645.8
0xsmoke0023,1770007090,0.17,0.19,0.81,0.83,286.4,485.3,414.5,265.7,1313.9,2229.0
0xsmoke0023,1770007095,0.23,0.25,0.75,0.77,212.0,371.6,426.6,423.5,1385.7,1258.3
0xsmoke0023,1770007100,0.22,0.24,0.76,0.78,379.9,402.7,456.7,201.2,805.5,2164.9
0xsmoke0023,1770007105,0.23,0.25,0.75,0.77,99.6,355.8,280.1,330.7,4411.7,3091.3
0xsmoke0023,1770007110,0.19,0.21,0.79,0.81,416.3,287.5,328.7,261.6,2244.3,3791.0
0xsmoke0023,1770007115,0.24,0.26,0.74,0.76,216.4,343.8,291.1,100.1,3852.3,2734.9
0xsmoke0023,1770007120,0.14,0.16,0.84,0.86,454.6,101.2,169.7,363.5,1401.5,4208.9
0xsmoke0023,1770007125,0.13,0.15,0.85,0.87,477.7,208.1,359.7,321.0,3567.7,4766.9
0xsmoke0023,1770007130,0.24,0.26,0.74,0.76,154.1,412.1,118.0,298.1,4667.2,4310.8
0xsmoke0023,1770007135,0.17,0.19,0.81,0.83,56.3,491.0,253.6,181.0,802.3,1149.1
0xsmoke0023,1770007140,0.16,0.18,0.82,0.84,302.0,221.3,182.5,418.2,860.1,2398.9
0xsmoke0023,1770007145,0.1,0.12,0.88,0.9,423.5,369.1,285.8,121.5,2278.9,3780.8
0xsmoke0023,1770007150,0.11,0.13,0.87,0.89,324.7,454.4,304.1,431.4,4571.1,1256.2
0xsmoke0023,1770007155,0.12,0.14,0.86,0.88,494.6,183.2,251.8,240.6,4317.3,556.2
0xsmoke0023,1770007160,0.03,0.05,0.95,0.97,257.8,94.3,250.8,443.4,731.7,1626.4
0xsmoke0023,1770007165,0.13,0.15,0.85,0.87,294.5,391.9,204.0,105.4,2165.3,4236.7
0xsmoke0023,1770007170,0.04,0.06,0.94,0.96,228.5,401.8,313.4,111.6,2212.1,4591.3
0xsmoke0023,1770007175,0.07,0.09,0.91,0.93,393.0,188.8,386.8,124.0,3452.6,4369.9
0xsmoke0023,1770007180,0.12,0.14,0.86,0.88,480.8,97.9,56.0,420.2,2807.1,657.7
0xsmoke0023,1770007185,0.04,0.06,0.94,0.96,278.8,497.7,489.3,445.4,2854.1,4183.9
0xsmoke0023,1770007190,0.11,0.13,0.87,0.89,172.6,386.5,183.1,239.1,859.4,1115.4
0xsmoke0023,1770007195,0.03,0.05,0.95,0.97,427.0,407.4,120.6,294.1,1879.9,1421.8
0xsmoke0023,1770007200,0.01,0.03,0.97,0.99,356.0,466.4,93.8,181.9,3866.7,2740.1
0xsmoke0024,1770086405,0.5,0.52,0.48,0.5,410.7,58.1,475.9,172.5,4310.8,4256.7
0xsmoke0024,1770086410,0.54,0.56,0.44,0.46,328.6,342.0,71.7,242.2,3314.2,1728.6
0xsmoke0024,1770086415,0.5,0.52,0.48,0.5,298.6,350.4,435.3,200.4,3310.8,720.6
0xsmoke0024,1770086420,0.45,0.47,0.53,0.55,416.8,359.7,361.1,302.3,1963.8,4086.5
0xsmoke0024,1770086425,0.47,0.49,0.51,0.53,311.7,98.5,385.4,275.9,3350.5,1266.7
0xsmoke0024,1770086430,0.48,0.5,0.5,0.52,347.1,248.5,375.6,88.2,2112.3,985.8
0xsmoke0024,1770086435,0.41,0.43,0.57,0.59,227.6,386.6,390.3,67.0,3295.3,4119.5
0xsmoke0024,1770086440,0.46,0.48,0.52,0.54,89.9,91.5,249.7,387.7,1002.3,4986.0
0xsmoke0024,1770086445,0.48,0.5,0.5,0.52,56.5,384.7,243.5,129.0,3483.0,3718.0
0xsmoke0024,1770086450,0.39,0.41,0.59,0.61,163.9,131.9,76.9,125.4,2121.2,2018.9
0xsmoke0024,1770086455,0.42,0.44,0.56,0.58,430.0,134.1,86.1,143.9,2488.7,3309.5
0xsmoke0024,1770086460,0.47,0.49,0.51,0.53,118.0,61.9,229.2,499.7,4015.6,4337.5
0xsmoke0024,1770086465,0.44,0.46,0.54,0.56,149.5,341.3,237.5,213.4,3912.7,3029.1
0xsmoke0024,1770086470,0.5,0.52,0.48,0.5,171.7,473.0,345.2,333.3,3918.1,4611.1
0xsmoke0024,1770086475,0.43,0.45,0.55,0.57,168.8,487.6,353.3,449.8,1991.5,4939.9
0xsmoke0024,1770086480,0.38,0.4,0.6,0.62,412.1,460.1,282.7,237.5,2740.5,1080.3
0xsmoke0024,1770086485,0.36,0.38,0.62,0.64,475.4,343.5,87.9,315.4,1619.4,4279.7
0xsmoke0024,1770086490,0.38,0.4,0.6,0.62,57.9,349.5,497.5,381.7,4826.3,959.6
0xsmoke0024,1770086495,0.37,0.39,0.61,0.63,399.1,258.0,130.2,204.2,1784.2,3665.8
0xsmoke0024,1770086500,0.39,0.41,0.59,0.61,381.0,350.6,386.5,465.4,1687.3,1752.9
0xsmoke0024,1770086505,0.43,0.45,0.55,0.57,446.2,349.1,407.1,339.4,1887.5,3043.9
0xsmoke0024,1770086510,0.34,0.36,0.64,0.66,94.3,202.5,413.8,112.5,705.1,1559.8
0xsmoke0024,1770086515,0.37,0.39,0.61,0.63,447.2,173.2,482.2,265.0,3590.4,3505.1
0xsmoke0024,1770086520,0.43,0.45,0.55,0.57,428.6,453.8,262.2,185.4,4715.6,3648.8
0xsmoke0024,1770086525,0.33,0.35,0.65,0.67,123.7,227.6,249.8,416.2,3658.2,2796.4
0xsmoke0024,1770086530,0.43,0.45,0.55,0.57,313.2,438.7,79.0,85.9,4368.0,3808.5
0xsmoke0024,1770086535,0.44,0.46,0.54,0.56,104.2,82.2,194.0,448.5,1363.2,1620.6
0xsmoke0024,1770086540,0.4,0.42,0.58,0.6,133.2,157.6,385.9,435.4,4739.8,701.8
0xsmoke0024,1770086545,0.35,0.37,0.63,0.65,324.8,199.3,383.5,151.4,3220.5,1229.5
0xsmoke0024,1770086550,0.38,0.4,0.6,0.62,409.0,332.4,305.4,219.2,3530.1,4786.2
0xsmoke0024,1770086555,0.33,0.35,0.65,0.67,401.4,183.9,389.5,141.7,3184.0,2145.4
0xsmoke0024,1770086560,0.32,0.34,0.66,0.68,218.6,317.0,382.6,365.4,2436.5,666.4
0xsmoke0024,1770086565,0.27,0.29,0.71,0.73,98.0,220.7,404.9,490.8,3769.4,1013.2
0xsmoke0024,1770086570,0.25,0.27,0.73,0.75,71.3,66.5,381.0,463.4,3381.5,4439.9
0xsmoke0024,1770086575,0.26,0.28,0.72,0.74,88.1,328.7,394.8,272.3,3697.8,2606.0
0xsmoke0024,1770086580,0.29,0.31,0.69,0.71,438.0,143.0,142.1,108.3,2058.6,2309.4
0xsmoke0024,1770086585,0.29,0.31,0.69,0.71,123.3,253.1,55.5,271.3,981.5,1101.2
0xsmoke0024,1770086590,0.25,0.27,0.73,0.75,493.1,412.6,277.7,227.1,3131.5,3335.0
0xsmoke0024,1770086595,0.18,0.2,0.8,0.82,200.8,456.6,477.9,479.5,3315.9,3267.7
0xsmoke0024,1770086600,0.14,0.16,0.84,0.86,236.3,399.2,86.0,157.3,2767.1,3813.0
0xsmoke0024,1770086605,0.18,0.2,0.8,0.82,418.6,308.6,111.1,67.4,2291.6,4198.6
0xsmoke0024,1770086610,0.13,0.15,0.85,0.87,391.9,151.3,453.7,120.3,2286.5,3508.9
0xsmoke0024,1770086615,0.14,0.16,0.84,0.86,198.0,244.9,456.9,260.7,893.3,2101.2
0xsmoke0024,1770086620,0.22,0.24,0.76,0.78,293.4,480.2,278.9,405.7,3876.0,2598.2
0xsmoke0024,1770086625,0.19,0.21,0.79,0.81,257.0,103.8,88.9,101.4,1087.6,869.4
0xsmoke0024,1770086630,0.17,0.19,0.81,0.83,116.9,490.0,232.9,52.1,3472.5,3718.9
0xsmoke0024,1770086635,0.17,0.19,0.81,0.83,160.1,193.1,386.7,331.6,3311.5,4705.7
0xsmoke0024,1770086640,0.08,0.1,0.9,0.92,53.8,224.5,474.6,58.1,2025.0,3939.5
0xsmoke0024,1770086645,0.1,0.12,0.88,0.9,314.5,464.1,290.4,52.0,1010.7,2341.1
0xsmoke0024,1770086650,0.11,0.13,0.87,0.89,347.4,171.2,204.2,402.6,3804.1,4101.1
0xsmoke0024,1770086655,0.14,0.16,0.84,0.86,204.6,336.4,275.9,413.0,2359.4,4597.5
0xsmoke0024,1770086660,0.07,0.09,0.91,0.93,344.3,410.0,494.9,220.2,4478.5,3210.4
0xsmoke0024,1770086665,0.09,0.11,0.89,0.91,165.6,445.5,80.1,495.9,3050.7,3118.8
0xsmoke0024,1770086670,0.06,0.08,0.92,0.94,354.0,119.9,425.8,386.3,1259.4,4048.4
0xsmoke0024,1770086675,0.07,0.09,0.91,0.93,183.4,348.5,362.9,274.9,3621.0,4060.2
0xsmoke0024,1770086680,0.07,0.09,0.91,0.93,423.8,98.5,437.6,477.4,2673.4,4575.5
0xsmoke0024,1770086685,0.03,0.05,0.95,0.97,68.1,250.9,103.9,108.9,2497.6,4882.9
0xsmoke0024,1770086690,0.04,0.06,0.94,0.96,494.5,279.0,258.4,59.4,875.1,4433.6
0xsmoke0024,1770086695,0.08,0.1,0.9,0.92,303.8,451.0,342.7,177.0,4396.6,3779.9
0xsmoke0024,1770086700,0.07,0.09,0.91,0.93,424.2,214.1,430.4,421.6,4584.4,1011.0
0xsmoke0025,1770086705,0.53,0.55,0.45,0.47,190.9,435.9,101.7,444.3,4877.7,2825.0
0xsmoke0025,1770086710,0.46,0.48,0.52,0.54,324.9,453.8,89.6,433.5,2069.8,2327.4
0xsmoke0025,1770086715,0.38,0.4,0.6,0.62,104.8,114.6,356.4,378.3,1514.6,3620.4
0xsmoke0025,1770086720,0.56,0.58,0.42,0.44,62.4,168.0,122.5,253.1,2539.3,2231.7
0xsmoke0025,1770086725,0.46,0.48,0.52,0.54,223.3,136.1,476.3,338.2,4783.3,2531.6
0xsmoke0025,1770086730,0.49,0.51,0.49,0.51,197.8,483.4,174.2,469.0,2036.6,3954.5
0xsmoke0025,1770086735,0.47,0.49,0.51,0.53,400.1,141.9,499.6,273.6,837.3,3571.6
0xsmoke0025,1770086740,0.41,0.43,0.57,0.59,341.6,372.7,141.5,102.1,1106.3,3456.3
0xsmoke0025,1770086745,0.43,0.45,0.55,0.57,196.2,94.1,333.4,426.4,3766.9,2706.1
0xsmoke0025,1770086750,0.46,0.48,0.52,0.54,378.1,435.4,148.7,369.7,3970.4,4985.5
0xsmoke0025,1770086755,0.44,0.46,0.54,0.56,226.8,70.0,122.0,385.0,1725.8,4601.9
0xsmoke0025,1770086760,0.45,0.47,0.53,0.55,408.3,212.2,390.3,247.3,1450.0,1424.8
0xsmoke0025,1770086765,0.44,0.46,0.54,0.56,103.6,440.2,464.9,408.3,521.2,4471.2
0xsmoke0025,1770086770,0.41,0.43,0.57,0.59,429.0,334.1,143.5,184.0,2250.9,1331.1
0xsmoke0025,1770086775,0.42,0.44,0.56,0.58,479.0,225.2,323.7,98.3,4357.9,3881.8
0xsmoke0025,1770086780,0.42,0.44,0.56,0.58,140.5,384.9,75.6,60.6,1033.4,1139.6
0xsmoke0025,1770086785,0.41,0.43,0.57,0.59,402.1,307.3,187.4,402.7,3354.0,775.4
0xsmoke0025,1770086790,0.35,0.37,0.63,0.65,363.0,304.8,227.4,288.6,1593.3,3137.5
0xsmoke0025,1770086795,0.38,0.4,0.6,0.62,494.2,420.6,273.7,490.1,3550.4,3103.2
0xsmoke0025,1770086800,0.39,0.41,0.59,0.61,365.9,495.5,402.8,156.9,765.5,4641.0
0xsmoke0025,1770086805,0.32,0.34,0.66,0.68,312.2,270.2,477.3,69.0,1198.8,1927.2
0xsmoke0025,1770086810,0.47,0.49,0.51,0.53,362.7,320.4,204.2,121.0,574.9,1138.5
0xsmoke0025,1770086815,0.42,0.44,0.56,0.58,279.9,214.7,490.1,464.5,2998.9,1247.5
0xsmoke0025,1770086820,0.43,0.45,0.55,0.57,62.0,347.8,223.3,467.0,1924.0,4331.1
0xsmoke0025,1770086825,0.42,0.44,0.56,0.58,344.1,209.9,414.0,150.9,1220.1,732.5
0xsmoke0025,1770086830,0.44,0.46,0.54,0.56,380.2,258.1,429.4,313.9,2902.0,2744.4
0xsmoke0025,1770086835,0.42,0.44,0.56,0.58,315.8,136.0,87.2,95.9,1243.3,3291.8
0xsmoke0025,1770086840,0.42,0.44,0.56,0.58,182.7,235.9,480.5,166.0,1853.9,1629.3
0xsmoke0025,1770086845,0.41,0.43,0.57,0.59,184.0,423.8,490.7,227.0,4404.6,977.0
0xsmoke0025,1770086850,0.26,0.28,0.72,0.74,420.1,90.6,499.4,229.7,2746.7,4756.1
0xsmoke0025,1770086855,0.34,0.36,0.64,0.66,144.0,255.2,380.8,257.0,4729.2,1400.9
0xsmoke0025,1770086860,0.27,0.29,0.71,0.73,329.6,326.2,357.5,169.2,2497.7,1484.0
0xsmoke0025,1770086865,0.26,0.28,0.72,0.74,199.0,114.5,450.3,204.8,4776.0,2504.2
0xsmoke0025,1770086870,0.25,0.27,0.73,0.75,403.6,282.1,474.8,414.3,4512.8,2892.8
0xsmoke0025,1770086875,0.26,0.28,0.72,0.74,127.8,115.8,290.4,477.8,2988.3,2434.1
0xsmoke0025,1770086880,0.2,0.22,0.78,0.8,218.8,132.9,255.4,256.4,4704.3,2281.4
0xsmoke0025,1770086885,0.23,0.25,0.75,0.77,68.9,205.7,374.9,251.1,855.5,2105.8
0xsmoke0025,1770086890,0.25,0.27,0.73,0.75,480.1,156.8,90.3,390.9,3269.4,2072.9
0xsmoke0025,1770086895,0.21,0.23,0.77,0.79,197.6,348.4,439.6,184.9,4593.8,2383.7
0xsmoke0025,1770086900,0.27,0.29,0.71,0.73,165.4,89.0,140.6,162.9,2469.5,2722.6
0xsmoke0025,1770086905,0.17,0.19,0.81,0.83,211.8,394.5,164.3,265.1,844.5,4514.3
0xsmoke0025,1770086910,0.13,0.15,0.85,0.87,338.3,302.9,269.7,157.6,4208.7,2626.1
0xsmoke0025,1770086915,0.18,0.2,0.8,0.82,94.9,276.7,304.3,174.3,1556.7,4235.9
0xsmoke0025,1770086920,0.21,0.23,0.77,0.79,114.6,413.6,75.8,429.4,4264.8,1056.8
0xsmoke0025,1770086925,0.09,0.11,0.89,0.91,455.2,130.5,344.1,259.1,1150.8,1429.2
0xsmoke0025,1770086930,0.2,0.22,0.78,0.8,352.4,307.4,486.8,187.8,2663.3,2173.4
0xsmoke0025,1770086935,0.14,0.16,0.84,0.86,312.6,403.6,357.7,101.9,1741.7,3319.6
0xsmoke0025,1770086940,0.14,0.16,0.84,0.86,440.5,212.5,256.5,71.7,2835.4,1869.3
0xsmoke0025,1770086945,0.14,0.16,0.84,0.86,320.2,127.1,84.1,370.9,3749.6,4944.3
0xsmoke0025,1770086950,0.12,0.14,0.86,0.88,80.3,84.7,486.8,380.8,1244.1,2404.4
0xsmoke0025,1770086955,0.13,0.15,0.85,0.87,399.5,379.2,467.2,345.8,2321.9,4602.2
0xsmoke0025,1770086960,0.11,0.13,0.87,0.89,381.1,148.8,174.5,322.3,1822.7,4370.1
0xsmoke0025,1770086965,0.1,0.12,0.88,0.9,467.8,320.7,309.4,278.0,1374.1,2077.3
0xsmoke0025,1770086970,0.09,0.11,0.89,0.91,354.9,396.5,237.0,141.0,4078.0,2378.7
0xsmoke0025,1770086975,0.06,0.08,0.92,0.94,80.4,208.5,342.6,468.9,1403.9,4918.7
0xsmoke0025,1770086980,0.05,0.07,0.93,0.95,139.9,56.7,467.9,353.9,3751.5,2360.1
0xsmoke0025,1770086985,0.02,0.04,0.96,0.98,265.3,339.6,174.8,481.8,3982.4,583.4
0xsmoke0025,1770086990,0.06,0.08,0.92,0.94,455.2,386.2,411.1,134.7,4463.1,3462.9
0xsmoke0025,1770086995,0.02,0.04,0.96,0.98,357.4,160.0,454.0,85.4,1704.7,3731.9
0xsmoke0025,1770087000,0.01,0.03,0.97,0.99,447.5,422.2,356.1,212.1,2476.6,1990.6
0xsmoke0026,1770087005,0.52,0.54,0.46,0.48,55.5,166.4,363.1,294.0,1987.3,1966.9
0xsmoke0026,1770087010,0.47,0.49,0.51,0.53,84.5,119.7,329.9,468.2,3590.8,2052.5
0xsmoke0026,1770087015,0.46,0.48,0.52,0.54,110.1,87.1,78.2,305.0,3137.1,1197.6
0xsmoke0026,1770087020,0.54,0.56,0.44,0.46,113.3,279.4,342.1,64.2,1719.7,2896.9
0xsmoke0026,1770087025,0.49,0.51,0.49,0.51,356.8,347.6,82.9,75.9,4371.2,1163.8
0xsmoke0026,1770087030,0.56,0.58,0.42,0.44,428.3,70.0,436.0,344.3,2242.3,1580.6
0xsmoke0026,1770087035,0.52,0.54,0.46,0.48,421.0,141.0,161.1,274.9,4145.2,2376.0
0xsmoke0026,1770087040,0.54,0.56,0.44,0.46,483.3,290.6,403.9,353.0,2966.7,2453.5
0xsmoke0026,1770087045,0.54,0.56,0.44,0.46,424.5,114.8,171.4,144.9,4145.7,1957.4
0xsmoke0026,1770087050,0.57,0.59,0.41,0.43,281.1,480.6,51.7,133.2,4408.0,2557.6
0xsmoke0026,1770087055,0.58,0.6,0.4,0.42,474.7,98.2,57.0,458.0,4190.4,2919.0
0xsmoke0026,1770087060,0.54,0.56,0.44,0.46,400.0,121.0,242.0,127.1,2331.3,525.8
0xsmoke0026,1770087065,0.5,0.52,0.48,0.5,253.7,492.0,220.6,289.3,1179.8,1769.5
0xsmoke0026,1770087070,0.61,0.63,0.37,0.39,488.0,107.4,339.0,424.4,4740.5,3673.3
0xsmoke0026,1770087075,0.54,0.56,0.44,0.46,464.0,282.3,287.5,451.6,572.5,3737.9
0xsmoke0026,1770087080,0.58,0.6,0.4,0.42,351.6,137.3,461.1,157.8,1958.6,4256.3
0xsmoke0026,1770087085,0.59,0.61,0.39,0.41,168.6,265.6,432.5,292.2,1524.6,2171.0
0xsmoke0026,1770087090,0.59,0.61,0.39,0.41,375.8,188.7,135.3,401.3,1866.1,1606.6
0xsmoke0026,1770087095,0.58,0.6,0.4,0.42,153.9,110.2,223.5,134.7,3412.4,965.4
0xsmoke0026,1770087100,0.63,0.65,0.35,0.37,476.8,256.2,451.4,152.6,4036.0,888.4
0xsmoke0026,1770087105,0.57,0.59,0.41,0.43,482.9,361.4,141.2,390.9,4119.9,3444.2
0xsmoke0026,1770087110,0.61,0.63,0.37,0.39,164.1,401.4,151.4,277.7,2279.5,1459.8
0xsmoke0026,1770087115,0.59,0.61,0.39,0.41,448.2,77.7,271.2,267.1,1000.0,876.5
0xsmoke0026,1770087120,0.61,0.63,0.37,0.39,211.2,166.5,164.9,153.0,3371.5,4897.5
0xsmoke0026,1770087125,0.58,0.6,0.4,0.42,229.8,363.9,188.2,107.0,3420.8,2096.2
0xsmoke0026,1770087130,0.54,0.56,0.44,0.46,197.8,445.7,73.9,451.1,3265.1,4247.7
0xsmoke0026,1770087135,0.5,0.52,0.48,0.5,369.8,448.9,127.3,99.5,3070.9,2655.6
0xsmoke0026,1770087140,0.57,0.59,0.41,0.43,212.0,491.0,321.8,324.8,628.3,1744.9
0xsmoke0026,1770087145,0.58,0.6,0.4,0.42,496.7,112.0,277.3,379.1,3296.9,3927.5
0xsmoke0026,1770087150,0.58,0.6,0.4,0.42,123.3,152.5,297.3,284.0,2328.9,4635.3
0xsmoke0026,1770087155,0.64,0.66,0.34,0.36,145.6,320.5,311.9,403.2,3019.2,535.6
0xsmoke0026,1770087160,0.7,0.72,0.28,0.3,132.9,155.7,396.5,483.3,4425.5,1559.8
0xsmoke0026,1770087165,0.73,0.75,0.25,0.27,437.3,428.6,76.1,175.3,3165.4,1380.3
0xsmoke0026,1770087170,0.7,0.72,0.28,0.3,149.4,293.7,371.6,382.2,3046.7,3193.8
0xsmoke0026,1770087175,0.71,0.73,0.27,0.29,407.3,342.7,357.1,456.4,1028.6,672.2
0xsmoke0026,1770087180,0.72,0.74,0.26,0.28,250.8,458.7,188.8,354.4,3628.5,1573.3
0xsmoke0026,1770087185,0.75,0.77,0.23,0.25,238.3,140.8,135.8,257.2,1306.2,3019.9
0xsmoke0026,1770087190,0.81,0.83,0.17,0.19,261.6,304.0,138.9,309.0,4342.2,4318.9
0xsmoke0026,1770087195,0.8,0.82,0.18,0.2,196.0,372.9,315.9,224.0,4249.9,4528.0
0xsmoke0026,1770087200,0.74,0.76,0.24,0.26,162.4,483.2,266.2,205.7,1070.8,4741.9
0xsmoke0026,1770087205,0.75,0.77,0.23,0.25,82.0,131.7,466.0,84.0,3541.1,3061.4
0xsmoke0026,1770087210,0.79,0.81,0.19,0.21,361.2,201.4,331.7,444.6,3076.6,2861.8
0xsmoke0026,1770087215,0.76,0.78,0.22,0.24,133.8,200.1,372.3,305.6,1031.0,4406.1
0xsmoke0026,1770087220,0.81,0.83,0.17,0.19,161.1,117.3,466.2,378.8,1893.1,1366.1
0xsmoke0026,1770087225,0.85,0.87,0.13,0.15,116.0,284.8,350.7,472.1,3587.9,984.4
0xsmoke0026,1770087230,0.83,0.85,0.15,0.17,460.0,171.6,89.6,76.3,4254.4,4701.7
0xsmoke0026,1770087235,0.78,0.8,0.2,0.22,187.8,228.9,130.2,246.3,2623.5,2900.9
0xsmoke0026,1770087240,0.81,0.83,0.17,0.19,488.5,331.7,307.7,422.0,719.8,3138.7
0xsmoke0026,1770087245,0.87,0.89,0.11,0.13,338.5,472.2,81.4,128.0,2080.1,2902.2
0xsmoke0026,1770087250,0.83,0.85,0.15,0.17,380.2,297.1,136.8,276.6,2480.4,1008.7
0xsmoke0026,1770087255,0.85,0.87,0.13,0.15,428.6,326.0,161.1,309.5,1954.9,3417.2
0xsmoke0026,1770087260,0.86,0.88,0.12,0.14,321.4,301.9,466.4,307.0,4021.8,1499.2
0xsmoke0026,1770087265,0.87,0.89,0.11,0.13,195.7,493.4,480.9,160.3,3305.7,820.5
0xsmoke0026,1770087270,0.93,0.95,0.05,0.07,493.3,112.9,378.3,282.0,4970.3,2338.1
0xsmoke0026,1770087275,0.94,0.96,0.04,0.06,318.4,410.0,433.5,341.5,2074.8,3182.5
0xsmoke0026,1770087280,0.94,0.96,0.04,0.06,419.2,334.3,255.1,87.8,1020.6,3404.6
0xsmoke0026,1770087285,0.94,0.96,0.04,0.06,354.5,284.4,229.5,142.1,4312.7,1722.5
0xsmoke0026,1770087290,0.94,0.96,0.04,0.06,95.8,483.5,118.7,276.7,4153.7,1547.7
0xsmoke0026,1770087295,0.97,0.99,0.01,0.03,233.6,483.1,110.2,136.1,2953.3,3566.2
0xsmoke0026,1770087300,0.94,0.96,0.04,0.06,132.1,270.7,79.2,353.0,1980.2,4825.0
0xsmoke0027,1770087305,0.5,0.52,0.48,0.5,73.2,55.4,198.2,167.8,4777.6,4011.4
0xsmoke0027,1770087310,0.51,0.53,0.47,0.49,167.0,80.5,105.6,384.1,755.4,4032.6
0xsmoke0027,1770087315,0.47,0.49,0.51,0.53,357.4,327.4,99.0,390.1,4448.8,997.0
0xsmoke0027,1770087320,0.43,0.45,0.55,0.57,412.8,322.4,363.2,70.8,1522.5,4577.0
0xsmoke0027,1770087325,0.52,0.54,0.46,0.48,148.0,296.2,205.0,134.2,4017.4,3541.1
0xsmoke0027,1770087330,0.51,0.53,0.47,0.49,350.8,55.7,93.1,236.4,658.3,2840.0
0xsmoke0027,1770087335,0.5,0.52,0.48,0.5,166.3,363.7,82.1,89.8,2741.8,628.2
0xsmoke0027,1770087340,0.46,0.48,0.52,0.54,451.2,53.0,409.6,306.3,4885.8,4102.3
0xsmoke0027,1770087345,0.43,0.45,0.55,0.57,434.6,433.8,390.8,457.8,889.6,4119.1
0xsmoke0027,1770087350,0.45,0.47,0.53,0.55,213.3,246.8,100.7,189.9,3715.3,2981.1
0xsmoke0027,1770087355,0.45,0.47,0.53,0.55,164.8,153.1,381.8,480.5,2152.1,2271.0
0xsmoke0027,1770087360,0.46,0.48,0.52,0.54,155.5,459.2,489.6,270.9,4343.3,1473.9
0xsmoke0027,1770087365,0.43,0.45,0.55,0.57,461.0,207.4,337.1,384.8,1133.3,1666.1
0xsmoke0027,1770087370,0.46,0.48,0.52,0.54,166.6,122.3,122.5,402.3,2570.2,3000.6
0xsmoke0027,1770087375,0.42,0.44,0.56,0.58,196.3,345.8,253.3,91.6,2856.2,2745.6
0xsmoke0027,1770087380,0.42,0.44,0.56,0.58,481.9,71.6,327.4,366.6,2658.8,2443.3
0xsmoke0027,1770087385,0.44,0.46,0.54,0.56,293.5,237.4,344.9,323.1,896.3,2114.6
0xsmoke0027,1770087390,0.39,0.41,0.59,0.61,121.6,284.8,336.7,104.0,1400.7,1952.6
0xsmoke0027,1770087395,0.46,0.48,0.52,0.54,106.8,395.1,356.9,411.4,1585.0,2937.0
0xsmoke0027,1770087400,0.32,0.34,0.66,0.68,246.5,306.7,234.6,383.0,3325.4,3881.4
0xsmoke0027,1770087405,0.42,0.44,0.56,0.58,400.4,307.6,164.5,280.9,4758.6,4932.5
0xsmoke0027,1770087410,0.33,0.35,0.65,0.67,352.6,60.2,98.5,217.1,934.4,3428.2
0xsmoke0027,1770087415,0.46,0.48,0.52,0.54,223.4,433.0,210.2,161.2,1778.2,600.8
0xsmoke0027,1770087420,0.46,0.48,0.52,0.54,340.3,237.1,417.8,199.0,1464.0,649.7
0xsmoke0027,1770087425,0.39,0.41,0.59,0.61,252.2,198.7,249.9,74.2,618.2,3542.3
0xsmoke0027,1770087430,0.43,0.45,0.55,0.57,403.6,430.6,212.7,256.1,3942.5,1101.1
0xsmoke0027,1770087435,0.48,0.5,0.5,0.52,215.1,162.1,260.8,341.4,4272.0,4200.5
0xsmoke0027,1770087440,0.44,0.46,0.54,0.56,123.8,202.1,77.0,251.4,2536.0,2855.7
0xsmoke0027,1770087445,0.37,0.39,0.61,0.63,157.6,315.0,75.4,68.0,3850.5,1358.9
0xsmoke0027,1770087450,0.39,0.41,0.59,0.61,160.9,308.6,157.6,348.4,3379.9,2318.0
0xsmoke0027,1770087455,0.31,0.33,0.67,0.69,390.1,112.4,153.2,99.2,3703.0,1362.7
0xsmoke0027,1770087460,0.34,0.36,0.64,0.66,91.7,444.5,385.7,349.1,3643.7,2130.0
0xsmoke0027,1770087465,0.3,0.32,0.68,0.7,58.1,234.4,458.6,62.4,1373.1,2869.3
0xsmoke0027,1770087470,0.29,0.31,0.69,0.71,183.6,388.2,146.5,187.1,1769.0,1424.5
0xsmoke0027,1770087475,0.24,0.26,0.74,0.76,477.2,315.7,164.6,159.4,3604.0,3736.9
0xsmoke0027,1770087480,0.21,0.23,0.77,0.79,111.3,139.5,203.4,242.8,4161.9,893.1
0xsmoke0027,1770087485,0.22,0.24,0.76,0.78,101.9,412.2,369.8,413.5,1928.6,2862.9
0xsmoke0027,1770087490,0.22,0.24,0.76,0.78,59.1,410.1,395.4,245.6,3985.1,3910.0
0xsmoke0027,1770087495,0.2,0.22,0.78,0.8,485.5,473.1,165.3,479.5,2954.7,2795.7
0xsmoke0027,1770087500,0.2,0.22,0.78,0.8,461.9,165.3,104.8,427.5,2489.7,2980.3
0xsmoke0027,1770087505,0.26,0.28,0.72,0.74,445.2,305.6,367.0,395.6,512.8,3022.5
0xsmoke0027,1770087510,0.22,0.24,0.76,0.78,96.7,125.2,80.4,236.4,3990.6,1604.5
0xsmoke0027,1770087515,0.12,0.14,0.86,0.88,80.4,205.1,154.4,480.9,1251.3,4334.4
0xsmoke0027,1770087520,0.18,0.2,0.8,0.82,171.6,238.1,109.0,323.7,3500.8,2490.4
0xsmoke0027,1770087525,0.14,0.16,0.84,0.86,394.9,353.6,388.5,242.9,1200.5,2877.6
0xsmoke0027,1770087530,0.11,0.13,0.87,0.89,116.8,363.1,249.8,354.0,1360.3,1550.3
0xsmoke0027,1770087535,0.13,0.15,0.85,0.87,458.5,360.6,189.0,73.4,2015.3,4010.2
0xsmoke0027,1770087540,0.13,0.15,0.85,0.87,125.0,466.0,140.9,65.8,1096.1,583.4
0xsmoke0027,1770087545,0.15,0.17,0.83,0.85,396.5,265.4,406.5,91.7,3868.2,1113.8
0xsmoke0027,1770087550,0.08,0.1,0.9,0.92,470.5,378.7,378.7,340.6,2155.4,3324.4
0xsmoke0027,1770087555,0.09,0.11,0.89,0.91,405.7,353.4,450.2,426.6,4275.9,926.5
0xsmoke0027,1770087560,0.09,0.11,0.89,0.91,222.0,475.2,322.8,310.2,4214.0,3352.3
0xsmoke0027,1770087565,0.19,0.21,0.79,0.81,263.2,440.3,412.9,77.7,4994.4,2844.7
0xsmoke0027,1770087570,0.09,0.11,0.89,0.91,243.8,474.4,453.3,209.9,3368.8,823.4
0xsmoke0027,1770087575,0.09,0.11,0.89,0.91,83.9,372.4,192.6,118.4,1147.9,4876.1
0xsmoke0027,1770087580,0.12,0.14,0.86,0.88,261.4,120.2,270.6,419.1,1621.1,3713.7
0xsmoke0027,1770087585,0.09,0.11,0.89,0.91,106.1,415.6,204.7,337.5,4785.1,3752.4
0xsmoke0027,1770087590,0.06,0.08,0.92,0.94,326.8,387.1,147.1,479.7,1521.2,667.7
0xsmoke0027,1770087595,0.05,0.07,0.93,0.95,263.4,119.8,267.5,172.4,4159.9,2711.8
0xsmoke0027,1770087600,0.03,0.05,0.95,0.97,114.8,476.0,164.0,312.6,3994.3,2841.1
0xsmoke0028,1770087605,0.5,0.52,0.48,0.5,339.5,372.8,112.4,164.9,1324.0,602.3
0xsmoke0028,1770087610,0.42,0.44,0.56,0.58,499.5,172.7,472.0,223.4,4609.4,923.8
0xsmoke0028,1770087615,0.49,0.51,0.49,0.51,431.0,458.9,411.0,357.0,1896.9,4932.1
0xsmoke0028,1770087620,0.43,0.45,0.55,0.57,418.6,229.4,471.9,330.2,3701.4,1142.2
0xsmoke0028,1770087625,0.48,0.5,0.5,0.52,93.6,209.4,305.5,180.7,529.0,2438.8
0xsmoke0028,1770087630,0.46,0.48,0.52,0.54,220.7,399.8,224.7,297.3,1861.4,889.9
0xsmoke0028,1770087635,0.48,0.5,0.5,0.52,281.0,407.4,403.1,400.4,2213.3,1820.9
0xsmoke0028,1770087640,0.49,0.51,0.49,0.51,260.7,321.5,437.8,499.0,3783.2,3053.7
0xsmoke0028,1770087645,0.41,0.43,0.57,0.59,312.5,177.8,441.6,152.4,2343.9,1510.1
0xsmoke0028,1770087650,0.42,0.44,0.56,0.58,394.0,141.2,194.7,69.7,4598.7,4543.7
0xsmoke0028,1770087655,0.44,0.46,0.54,0.56,464.0,152.9,163.8,300.2,1476.5,4579.3
0xsmoke0028,1770087660,0.37,0.39,0.61,0.63,105.1,251.5,240.9,494.9,4937.4,777.6
0xsmoke0028,1770087665,0.37,0.39,0.61,0.63,341.0,262.2,246.4,435.0,1078.3,2291.4
0xsmoke0028,1770087670,0.39,0.41,0.59,0.61,228.7,410.1,424.6,113.6,1619.7,3653.0
0xsmoke0028,1770087675,0.44,0.46,0.54,0.56,72.3,440.4,60.7,450.9,3195.5,2279.5
0xsmoke0028,1770087680,0.38,0.4,0.6,0.62,226.6,453.6,310.7,115.2,3030.3,1904.5
0xsmoke0028,1770087685,0.38,0.4,0.6,0.62,121.8,272.8,60.6,168.7,3689.4,3262.8
0xsmoke0028,1770087690,0.38,0.4,0.6,0.62,120.0,259.2,96.2,363.2,971.2,4658.2
0xsmoke0028,1770087695,0.42,0.44,0.56,0.58,292.7,215.8,229.4,443.1,3916.6,2244.8
0xsmoke0028,1770087700,0.37,0.39,0.61,0.63,220.4,86.2,152.9,241.0,2490.8,1289.3
0xsmoke0028,1770087705,0.34,0.36,0.64,0.66,157.3,342.5,287.2,341.5,4517.5,3701.0
0xsmoke0028,1770087710,0.44,0.46,0.54,0.56,357.2,282.6,496.9,417.4,1208.6,1196.1
0xsmoke0028,1770087715,0.38,0.4,0.6,0.62,465.0,114.3,157.4,499.8,3863.6,2949.1
0xsmoke0028,1770087720,0.43,0.45,0.55,0.57,64.4,198.7,135.6,447.7,2826.8,2775.3
0xsmoke0028,1770087725,0.4,0.42,0.58,0.6,272.1,157.0,380.2,382.0,4590.2,2698.6
0xsmoke0028,1770087730,0.45,0.47,0.53,0.55,483.3,56.8,120.6,368.3,4382.8,4743.6
0xsmoke0028,1770087735,0.38,0.4,0.6,0.62,174.3,63.8,380.7,338.8,1023.5,3859.8
0xsmoke0028,1770087740,0.39,0.41,0.59,0.61,133.8,321.4,238.1,326.8,1029.4,4541.6
0xsmoke0028,1770087745,0.39,0.41,0.59,0.61,338.6,155.4,130.9,481.4,1661.5,4795.6
0xsmoke0028,1770087750,0.27,0.29,0.71,0.73,300.8,302.9,63.6,396.7,3573.0,3136.8
0xsmoke0028,1770087755,0.29,0.31,0.69,0.71,261.8,222.1,383.4,272.7,3228.4,1186.4
0xsmoke0028,1770087760,0.34,0.36,0.64,0.66,132.1,411.2,497.2,488.2,2985.0,4031.1
0xsmoke0028,1770087765,0.24,0.26,0.74,0.76,198.2,472.7,183.5,121.3,2452.4,3956.7
0xsmoke0028,1770087770,0.3,0.32,0.68,0.7,64.4,336.5,428.1,417.2,4636.9,3407.4
0xsmoke0028,1770087775,0.32,0.34,0.66,0.68,231.2,315.9,297.1,249.0,2517.9,3682.4
0xsmoke0028,1770087780,0.24,0.26,0.74,0.76,425.1,369.4,140.8,207.0,4286.1,2407.8
0xsmoke0028,1770087785,0.16,0.18,0.82,0.84,229.3,496.9,225.9,492.7,2230.3,2392.0
0xsmoke0028,1770087790,0.25,0.27,0.73,0.75,403.8,85.3,401.8,274.2,4375.2,3294.0
0xsmoke0028,1770087795,0.2,0.22,0.78,0.8,281.7,151.8,465.7,452.3,4280.9,3198.7
0xsmoke0028,1770087800,0.2,0.22,0.78,0.8,57.8,415.5,346.8,248.3,2812.4,4047.8
0xsmoke0028,1770087805,0.15,0.17,0.83,0.85,59.3,92.5,494.8,144.0,4897.9,626.4
0xsmoke0028,1770087810,0.21,0.23,0.77,0.79,287.1,272.6,50.1,305.4,3274.1,4254.7
0xsmoke0028,1770087815,0.13,0.15,0.85,0.87,414.9,76.6,444.6,285.6,4411.3,4588.2
0xsmoke0028,1770087820,0.25,0.27,0.73,0.75,234.5,277.5,321.0,472.2,657.7,3210.7
0xsmoke0028,1770087825,0.13,0.15,0.85,0.87,377.6,101.6,96.9,269.6,4805.2,4239.7
0xsmoke0028,1770087830,0.17,0.19,0.81,0.83,228.3,478.0,263.4,112.4,3192.3,918.8
0xsmoke0028,1770087835,0.1,0.12,0.88,0.9,276.3,381.8,432.9,404.9,4061.2,4035.3
0xsmoke0028,1770087840,0.14,0.16,0.84,0.86,62.9,164.2,342.7,192.4,4938.1,1919.6
0xsmoke0028,1770087845,0.16,0.18,0.82,0.84,105.1,254.9,411.0,459.6,824.9,4121.5
0xsmoke0028,1770087850,0.07,0.09,0.91,0.93,60.4,416.2,69.3,354.9,4945.7,884.5
0xsmoke0028,1770087855,0.03,0.05,0.95,0.97,99.7,312.7,206.0,301.2,3911.7,1370.4
0xsmoke0028,1770087860,0.1,0.12,0.88,0.9,102.0,233.5,86.4,62.9,3798.3,3668.9
0xsmoke0028,1770087865,0.1,0.12,0.88,0.9,344.2,353.7,204.7,182.5,1533.8,3212.2
0xsmoke0028,1770087870,0.08,0.1,0.9,0.92,296.8,232.7,280.6,391.4,1514.0,1907.9
0xsmoke0028,1770087875,0.09,0.11,0.89,0.91,196.4,357.2,114.1,462.3,4742.9,1067.6
0xsmoke0028,1770087880,0.09,0.11,0.89,0.91,205.6,205.0,140.1,292.2,4111.1,1566.5
0xsmoke0028,1770087885,0.04,0.06,0.94,0.96,386.7,333.8,449.4,321.0,4099.4,4799.4
0xsmoke0028,1770087890,0.08,0.1,0.9,0.92,309.2,181.1,321.8,374.5,3738.1,2290.2
0xsmoke0028,1770087895,0.03,0.05,0.95,0.97,481.2,463.3,240.7,297.6,569.6,4785.7
0xsmoke0028,1770087900,0.07,0.09,0.91,0.93,325.1,110.7,112.3,314.1,3530.4,4905.2
0xsmoke0029,1770087905,0.44,0.46,0.54,0.56,325.0,322.1,173.7,216.4,3315.3,1112.8
0xsmoke0029,1770087910,0.53,0.55,0.45,0.47,125.6,66.2,253.1,217.9,3018.4,2292.5
0xsmoke0029,1770087915,0.46,0.48,0.52,0.54,437.5,67.7,59.7,60.1,4052.4,2157.9
0xsmoke0029,1770087920,0.53,0.55,0.45,0.47,192.6,233.9,364.5,476.4,4608.2,2190.2
0xsmoke0029,1770087925,0.48,0.5,0.5,0.52,77.6,307.4,340.6,174.7,3451.9,1876.5
0xsmoke0029,1770087930,0.47,0.49,0.51,0.53,82.3,284.6,477.5,333.0,4731.0,4762.9
0xsmoke0029,1770087935,0.46,0.48,0.52,0.54,411.9,380.6,279.7,405.3,4048.5,4379.6
0xsmoke0029,1770087940,0.46,0.48,0.52,0.54,66.5,258.8,372.9,238.6,2217.9,591.4
0xsmoke0029,1770087945,0.41,0.43,0.57,0.59,479.8,327.1,160.3,336.1,2165.5,2147.2
0xsmoke0029,1770087950,0.43,0.45,0.55,0.57,371.3,50.3,428.1,52.9,4003.1,2073.0
0xsmoke0029,1770087955,0.36,0.38,0.62,0.64,270.6,133.0,143.1,371.3,4588.9,1132.7
0xsmoke0029,1770087960,0.44,0.46,0.54,0.56,491.6,359.2,462.6,223.5,3957.1,3696.0
0xsmoke0029,1770087965,0.45,0.47,0.53,0.55,264.4,182.0,214.0,114.5,854.1,2210.7
0xsmoke0029,1770087970,0.44,0.46,0.54,0.56,198.9,302.3,420.7,97.3,2167.0,2165.0
0xsmoke0029,1770087975,0.43,0.45,0.55,0.57,456.8,53.4,295.0,51.4,1853.4,2300.1
0xsmoke0029,1770087980,0.42,0.44,0.56,0.58,235.7,212.6,274.5,162.5,2255.7,1487.1
0xsmoke0029,1770087985,0.38,0.4,0.6,0.62,368.7,63.8,499.4,117.0,4063.8,1793.7
0xsmoke0029,1770087990,0.41,0.43,0.57,0.59,405.1,304.3,168.3,221.1,4389.4,3680.2
0xsmoke0029,1770087995,0.4,0.42,0.58,0.6,156.6,304.6,104.2,153.0,4124.5,3764.3
0xsmoke0029,1770088000,0.39,0.41,0.59,0.61,251.3,229.4,382.4,241.6,1522.6,4287.1
0xsmoke0029,1770088005,0.33,0.35,0.65,0.67,341.3,177.1,328.5,127.7,4442.2,2163.0
0xsmoke0029,1770088010,0.36,0.38,0.62,0.64,387.4,260.5,292.5,103.5,2934.5,2892.8
0xsmoke0029,1770088015,0.38,0.4,0.6,0.62,208.3,118.9,232.6,403.4,551.7,662.9
0xsmoke0029,1770088020,0.35,0.37,0.63,0.65,300.0,373.3,259.7,137.9,3502.9,1585.6
0xsmoke0029,1770088025,0.46,0.48,0.52,0.54,144.5,458.6,227.1,362.5,1319.5,3240.5
0xsmoke0029,1770088030,0.41,0.43,0.57,0.59,103.5,192.2,78.7,321.2,2999.5,4341.9
0xsmoke0029,1770088035,0.43,0.45,0.55,0.57,233.7,493.0,206.1,76.3,4099.6,919.3
0xsmoke0029,1770088040,0.4,0.42,0.58,0.6,286.7,444.6,281.0,355.6,1657.3,4923.6
0xsmoke0029,1770088045,0.44,0.46,0.54,0.56,426.4,357.0,266.7,218.1,884.1,4069.4
0xsmoke0029,1770088050,0.3,0.32,0.68,0.7,442.6,449.6,144.6,180.9,3699.5,3940.6
0xsmoke0029,1770088055,0.3,0.32,0.68,0.7,421.6,417.4,330.4,451.0,4891.6,1422.4
0xsmoke0029,1770088060,0.35,0.37,0.63,0.65,437.8,314.4,99.7,482.7,3844.7,2165.3
0xsmoke0029,1770088065,0.31,0.33,0.67,0.69,477.9,153.8,419.1,249.6,3635.1,4197.1
0xsmoke0029,1770088070,0.32,0.34,0.66,0.68,167.2,101.3,231.0,113.8,4619.7,4044.5
0xsmoke0029,1770088075,0.3,0.32,0.68,0.7,135.9,144.8,316.5,458.4,4697.4,4681.2
0xsmoke0029,1770088080,0.29,0.31,0.69,0.71,364.0,283.4,300.0,354.7,1825.4,1704.4
0xsmoke0029,1770088085,0.25,0.27,0.73,0.75,154.9,437.2,214.7,67.3,3348.8,4937.4
0xsmoke0029,1770088090,0.21,0.23,0.77,0.79,177.4,456.0,333.4,328.6,2572.4,3971.0
0xsmoke0029,1770088095,0.19,0.21,0.79,0.81,295.8,200.5,402.9,459.8,911.0,617.8
0xsmoke0029,1770088100,0.18,0.2,0.8,0.82,442.9,327.8,228.8,488.9,4749.9,2408.3
0xsmoke0029,1770088105,0.25,0.27,0.73,0.75,289.8,316.7,428.9,445.3,1781.9,4344.1
0xsmoke0029,1770088110,0.17,0.19,0.81,0.83,143.7,238.9,84.1,206.1,622.5,4125.4
0xsmoke0029,1770088115,0.16,0.18,0.82,0.84,167.0,285.5,225.4,418.8,1822.7,1563.4
0xsmoke0029,1770088120,0.17,0.19,0.81,0.83,390.3,366.6,78.8,68.6,4685.1,4876.0
0xsmoke0029,1770088125,0.12,0.14,0.86,0.88,271.2,258.5,177.7,85.4,1638.7,4824.1
0xsmoke0029,1770088130,0.18,0.2,0.8,0.82,142.7,84.0,340.6,428.2,1633.8,3895.1
0xsmoke0029,1770088135,0.15,0.17,0.83,0.85,108.2,337.4,92.4,259.2,2680.6,626.0
0xsmoke0029,1770088140,0.1,0.12,0.88,0.9,382.3,405.8,343.6,176.7,3626.8,3072.4
0xsmoke0029,1770088145,0.16,0.18,0.82,0.84,180.2,461.3,258.0,192.2,2875.3,4879.3
0xsmoke0029,1770088150,0.17,0.19,0.81,0.83,92.9,174.2,353.1,481.0,2924.7,2933.1
0xsmoke0029,1770088155,0.11,0.13,0.87,0.89,118.9,412.6,158.9,291.4,3572.7,3179.9
0xsmoke0029,1770088160,0.11,0.13,0.87,0.89,339.9,189.4,313.5,363.3,812.0,4846.1
0xsmoke0029,1770088165,0.06,0.08,0.92,0.94,489.0,438.2,64.1,87.2,4351.2,1605.7
0xsmoke0029,1770088170,0.1,0.12,0.88,0.9,490.8,396.0,331.1,247.6,4589.3,3329.8
0xsmoke0029,1770088175,0.05,0.07,0.93,0.95,376.8,199.2,111.1,214.9,4364.1,3840.3
0xsmoke0029,1770088180,0.06,0.08,0.92,0.94,420.7,301.8,202.5,95.9,3567.8,1615.0
0xsmoke0029,1770088185,0.05,0.07,0.93,0.95,157.8,334.1,76.4,175.5,3314.6,4293.2
0xsmoke0029,1770088190,0.09,0.11,0.89,0.91,179.7,228.8,275.6,475.9,1297.7,4049.6
0xsmoke0029,1770088195,0.02,0.04,0.96,0.98,427.7,99.9,222.1,216.4,3502.2,1922.5
0xsmoke0029,1770088200,0.01,0.03,0.97,0.99,493.4,373.3,59.6,93.2,4117.2,2338.0
0xsmoke0030,1770088205,0.5,0.52,0.48,0.5,430.4,371.2,287.2,185.1,861.6,1008.3
0xsmoke0030,1770088210,0.47,0.49,0.51,0.53,229.9,476.4,99.7,281.8,3271.8,4736.1
0xsmoke0030,1770088215,0.45,0.47,0.53,0.55,345.1,311.0,368.3,246.1,4011.9,4266.0
0xsmoke0030,1770088220,0.55,0.57,0.43,0.45,287.8,191.0,106.3,239.4,3222.0,2829.4
0xsmoke0030,1770088225,0.51,0.53,0.47,0.49,300.1,277.2,62.3,360.5,4049.8,2577.0
0xsmoke0030,1770088230,0.51,0.53,0.47,0.49,158.8,378.2,254.8,338.4,3527.0,2443.6
0xsmoke0030,1770088235,0.54,0.56,0.44,0.46,472.1,422.8,222.5,220.3,4313.7,3885.1
0xsmoke0030,1770088240,0.53,0.55,0.45,0.47,419.6,202.4,428.8,99.7,4763.6,2146.8
0xsmoke0030,1770088245,0.49,0.51,0.49,0.51,161.0,217.9,164.1,313.9,1641.1,3536.0
0xsmoke0030,1770088250,0.56,0.58,0.42,0.44,395.3,254.0,242.6,162.7,2688.8,2876.7
0xsmoke0030,1770088255,0.53,0.55,0.45,0.47,301.0,127.4,238.3,196.2,2901.6,3989.0
0xsmoke0030,1770088260,0.52,0.54,0.46,0.48,247.9,95.2,209.5,381.2,3359.0,3724.9
0xsmoke0030,1770088265,0.57,0.59,0.41,0.43,203.1,217.9,134.7,197.5,3281.7,3515.5
0xsmoke0030,1770088270,0.6,0.62,0.38,0.4,291.6,72.8,340.4,431.2,4426.9,602.4
0xsmoke0030,1770088275,0.57,0.59,0.41,0.43,271.1,330.8,408.2,62.4,4551.0,2463.2
0xsmoke0030,1770088280,0.52,0.54,0.46,0.48,405.0,228.4,477.7,259.2,988.3,1403.2
0xsmoke0030,1770088285,0.59,0.61,0.39,0.41,391.3,190.0,472.0,165.4,4898.4,3418.9
0xsmoke0030,1770088290,0.61,0.63,0.37,0.39,208.8,277.3,428.9,395.3,4211.3,2357.5
0xsmoke0030,1770088295,0.63,0.65,0.35,0.37,316.4,478.5,367.6,154.7,4066.2,4486.7
0xsmoke0030,1770088300,0.52,0.54,0.46,0.48,376.5,354.7,304.7,227.4,3730.2,2395.8
0xsmoke0030,1770088305,0.63,0.65,0.35,0.37,453.1,462.1,106.6,412.0,3292.7,1988.2
0xsmoke0030,1770088310,0.67,0.69,0.31,0.33,115.7,250.8,145.4,352.7,4754.1,1838.3
0xsmoke0030,1770088315,0.58,0.6,0.4,0.42,284.7,102.0,113.8,129.7,4229.7,2763.9
0xsmoke0030,1770088320,0.55,0.57,0.43,0.45,424.9,185.7,128.9,77.2,3804.1,2922.8
0xsmoke0030,1770088325,0.59,0.61,0.39,0.41,345.1,126.4,268.1,232.5,1039.8,1136.4
0xsmoke0030,1770088330,0.5,0.52,0.48,0.5,347.6,239.1,106.2,165.8,2476.9,3825.5
0xsmoke0030,1770088335,0.5,0.52,0.48,0.5,389.6,214.2,321.0,386.7,2386.1,2611.8
0xsmoke0030,1770088340,0.53,0.55,0.45,0.47,100.6,356.4,93.5,134.7,2684.6,4674.8
0xsmoke0030,1770088345,0.54,0.56,0.44,0.46,398.7,212.7,130.0,233.6,783.7,1780.8
0xsmoke0030,1770088350,0.59,0.61,0.39,0.41,328.6,468.5,191.2,237.8,3807.0,1633.4
0xsmoke0030,1770088355,0.72,0.74,0.26,0.28,490.3,206.5,444.2,231.3,4546.9,4230.5
0xsmoke0030,1770088360,0.71,0.73,0.27,0.29,72.6,349.0,203.4,198.6,3719.5,2351.7
0xsmoke0030,1770088365,0.69,0.71,0.29,0.31,437.4,408.1,413.2,196.9,4898.6,2797.2
0xsmoke0030,1770088370,0.73,0.75,0.25,0.27,112.6,414.4,367.3,471.6,920.2,746.0
0xsmoke0030,1770088375,0.72,0.74,0.26,0.28,163.3,199.1,107.1,275.6,1430.7,769.0
0xsmoke0030,1770088380,0.67,0.69,0.31,0.33,112.3,215.2,140.2,420.7,4015.7,4636.2
0xsmoke0030,1770088385,0.76,0.78,0.22,0.24,404.0,415.1,427.7,120.4,2707.0,3447.5
0xsmoke0030,1770088390,0.71,0.73,0.27,0.29,403.1,336.1,411.4,385.1,2461.9,1024.3
0xsmoke0030,1770088395,0.79,0.81,0.19,0.21,272.9,478.5,143.3,417.4,1653.5,3146.1
0xsmoke0030,1770088400,0.78,0.8,0.2,0.22,251.8,149.0,189.5,385.8,3512.6,3321.0
0xsmoke0030,1770088405,0.8,0.82,0.18,0.2,389.6,427.2,257.9,173.8,3235.0,4038.8
0xsmoke0030,1770088410,0.82,0.84,0.16,0.18,302.3,386.6,462.8,85.8,3599.6,786.6
0xsmoke0030,1770088415,0.8,0.82,0.18,0.2,356.5,128.6,349.4,402.1,3566.1,4205.6
0xsmoke0030,1770088420,0.83,0.85,0.15,0.17,276.3,493.8,203.3,127.4,2727.9,3138.7
0xsmoke0030,1770088425,0.85,0.87,0.13,0.15,478.9,199.4,133.9,291.1,1501.0,3325.9
0xsmoke0030,1770088430,0.83,0.85,0.15,0.17,214.9,358.9,355.8,71.5,3043.4,3048.6
0xsmoke0030,1770088435,0.88,0.9,0.1,0.12,216.6,322.6,401.9,401.3,4304.7,2894.4
0xsmoke0030,1770088440,0.84,0.86,0.14,0.16,379.8,123.9,58.8,112.6,741.8,2400.8
0xsmoke0030,1770088445,0.84,0.86,0.14,0.16,484.0,433.7,422.2,381.2,1315.6,1199.6
0xsmoke0030,1770088450,0.9,0.92,0.08,0.1,393.1,71.7,236.7,171.7,2990.0,2533.8
0xsmoke0030,1770088455,0.9,0.92,0.08,0.1,329.6,398.3,450.4,268.4,2200.4,4348.0
0xsmoke0030,1770088460,0.89,0.91,0.09,0.11,396.5,74.5,183.0,465.4,1898.9,721.5
0xsmoke0030,1770088465,0.89,0.91,0.09,0.11,480.4,234.5,215.7,457.2,4318.3,1611.2
0xsmoke0030,1770088470,0.97,0.99,0.01,0.03,452.8,221.6,257.2,120.8,2347.9,4521.1
0xsmoke0030,1770088475,0.93,0.95,0.05,0.07,135.5,339.1,113.7,277.6,4029.9,1665.5
0xsmoke0030,1770088480,0.96,0.98,0.02,0.04,137.5,175.8,338.3,201.6,1477.9,1945.5
0xsmoke0030,1770088485,0.93,0.95,0.05,0.07,237.8,320.5,167.1,330.6,690.3,756.0
0xsmoke0030,1770088490,0.89,0.91,0.09,0.11,405.3,128.8,238.8,497.0,1548.0,1158.1
0xsmoke0030,1770088495,0.95,0.97,0.03,0.05,289.4,453.7,64.1,289.2,579.8,4963.2
0xsmoke0030,1770088500,0.97,0.99,0.01,0.03,354.4,166.1,263.3,420.6,1031.0,1467.0
0xsmoke0031,1770088505,0.51,0.53,0.47,0.49,419.8,454.9,387.4,160.4,1920.9,3809.4
0xsmoke0031,1770088510,0.52,0.54,0.46,0.48,206.5,498.4,165.4,400.7,1293.8,4604.7
0xsmoke0031,1770088515,0.49,0.51,0.49,0.51,464.6,369.7,443.4,336.4,964.1,2287.8
0xsmoke0031,1770088520,0.56,0.58,0.42,0.44,105.9,289.6,284.7,246.5,1762.9,1888.2
0xsmoke0031,1770088525,0.48,0.5,0.5,0.52,168.1,66.8,387.2,452.0,1491.8,759.1
0xsmoke0031,1770088530,0.51,0.53,0.47,0.49,98.6,241.7,164.7,309.5,3837.7,4443.1
0xsmoke0031,1770088535,0.46,0.48,0.52,0.54,422.6,497.8,230.5,120.4,1265.4,2592.5
0xsmoke0031,1770088540,0.5,0.52,0.48,0.5,424.1,124.8,285.7,84.4,3077.3,4392.9
0xsmoke0031,1770088545,0.63,0.65,0.35,0.37,355.0,334.7,348.8,132.1,2793.2,747.4
0xsmoke0031,1770088550,0.51,0.53,0.47,0.49,74.1,484.4,205.6,161.5,4562.5,2444.9
0xsmoke0031,1770088555,0.55,0.57,0.43,0.45,440.5,285.2,226.6,382.0,1855.7,1180.7
0xsmoke0031,1770088560,0.51,0.53,0.47,0.49,273.8,498.8,295.7,453.4,692.8,604.3
0xsmoke0031,1770088565,0.5,0.52,0.48,0.5,425.5,263.9,324.3,213.3,2054.5,1987.1
0xsmoke0031,1770088570,0.58,0.6,0.4,0.42,66.3,354.4,188.9,463.4,3154.4,1200.3
0xsmoke0031,1770088575,0.54,0.56,0.44,0.46,131.8,389.5,163.9,301.4,2450.7,2155.3
0xsmoke0031,1770088580,0.51,0.53,0.47,0.49,280.5,189.6,126.7,184.2,1352.4,3488.3
0xsmoke0031,1770088585,0.51,0.53,0.47,0.49,318.5,370.2,386.7,308.1,1349.1,3381.5
0xsmoke0031,1770088590,0.61,0.63,0.37,0.39,264.4,122.4,363.7,350.5,1990.8,3130.6
0xsmoke0031,1770088595,0.62,0.64,0.36,0.38,280.0,164.6,100.8,442.1,896.2,1393.2
0xsmoke0031,1770088600,0.59,0.61,0.39,0.41,72.4,114.5,217.3,118.0,683.5,3988.6
0xsmoke0031,1770088605,0.63,0.65,0.35,0.37,461.2,72.2,173.1,306.9,948.8,2652.9
0xsmoke0031,1770088610,0.52,0.54,0.46,0.48,320.0,466.7,233.9,459.0,1482.3,3441.3
0xsmoke0031,1770088615,0.54,0.56,0.44,0.46,399.2,284.3,434.2,119.7,1688.7,2950.3
0xsmoke0031,1770088620,0.57,0.59,0.41,0.43,220.6,411.5,220.3,470.1,4688.9,692.1
0xsmoke0031,1770088625,0.54,0.56,0.44,0.46,437.2,72.7,382.3,312.2,2827.5,1731.8
0xsmoke0031,1770088630,0.48,0.5,0.5,0.52,149.1,132.1,207.4,496.1,2326.3,1143.9
0xsmoke0031,1770088635,0.55,0.57,0.43,0.45,394.5,330.9,373.1,421.7,1809.3,2062.4
0xsmoke0031,1770088640,0.59,0.61,0.39,0.41,222.0,280.6,424.9,333.2,4609.0,565.9
0xsmoke0031,1770088645,0.52,0.54,0.46,0.48,279.6,234.9,183.3,219.4,4179.8,2643.8
0xsmoke0031,1770088650,0.58,0.6,0.4,0.42,362.2,418.8,232.8,108.7,3849.9,3609.1
0xsmoke0031,1770088655,0.7,0.72,0.28,0.3,56.4,103.9,485.1,299.4,1670.0,723.6
0xsmoke0031,1770088660,0.65,0.67,0.33,0.35,195.8,120.0,337.0,130.9,4763.3,1544.6
0xsmoke0031,1770088665,0.69,0.71,0.29,0.31,209.7,181.6,391.3,277.5,1131.5,4281.6
0xsmoke0031,1770088670,0.7,0.72,0.28,0.3,305.9,220.0,421.4,326.6,831.1,4482.1
0xsmoke0031,1770088675,0.71,0.73,0.27,0.29,172.7,68.6,68.8,105.1,1656.5,2876.3
0xsmoke0031,1770088680,0.79,0.81,0.19,0.21,404.8,286.9,242.8,243.2,1582.7,2920.8
0xsmoke0031,1770088685,0.84,0.86,0.14,0.16,195.4,279.7,335.7,197.5,3745.4,2109.5
0xsmoke0031,1770088690,0.72,0.74,0.26,0.28,117.0,310.0,209.6,254.7,1020.6,2021.3
0xsmoke0031,1770088695,0.79,0.81,0.19,0.21,354.3,399.0,403.6,460.6,2222.5,3378.8
0xsmoke0031,1770088700,0.8,0.82,0.18,0.2,274.8,284.0,345.0,63.6,4321.4,2372.5
0xsmoke0031,1770088705,0.78,0.8,0.2,0.22,109.6,271.6,306.0,397.8,3185.8,3299.7
0xsmoke0031,1770088710,0.77,0.79,0.21,0.23,171.8,251.9,446.4,255.4,3163.2,2774.8
0xsmoke0031,1770088715,0.75,0.77,0.23,0.25,355.6,397.8,64.4,227.7,3863.1,1257.0
0xsmoke0031,1770088720,0.8,0.82,0.18,0.2,464.5,392.6,375.4,173.8,1044.6,4723.6
0xsmoke0031,1770088725,0.83,0.85,0.15,0.17,455.7,350.3,469.1,61.4,4098.6,3826.1
0xsmoke0031,1770088730,0.85,0.87,0.13,0.15,123.3,141.6,468.1,225.4,3886.3,4891.8
0xsmoke0031,1770088735,0.8,0.82,0.18,0.2,80.1,65.9,244.1,421.1,4097.8,3157.0
0xsmoke0031,1770088740,0.84,0.86,0.14,0.16,160.9,116.9,120.4,109.7,655.2,2767.6
0xsmoke0031,1770088745,0.8,0.82,0.18,0.2,208.6,174.1,406.0,180.5,1207.0,1770.7
0xsmoke0031,1770088750,0.91,0.93,0.07,0.09,206.0,220.8,152.4,332.7,1198.0,4591.1
0xsmoke0031,1770088755,0.87,0.89,0.11,0.13,272.1,378.7,146.3,181.1,4587.8,2631.8
0xsmoke0031,1770088760,0.95,0.97,0.03,0.05,415.5,365.8,253.8,220.8,770.3,4390.8
0xsmoke0031,1770088765,0.92,0.94,0.06,0.08,78.3,425.3,178.1,433.0,1173.3,599.6
0xsmoke0031,1770088770,0.89,0.91,0.09,0.11,450.2,271.9,460.9,90.2,1175.4,4869.4
0xsmoke0031,1770088775,0.96,0.98,0.02,0.04,362.6,200.7,371.3,50.1,2095.3,4334.6
0xsmoke0031,1770088780,0.83,0.85,0.15,0.17,107.9,271.1,353.2,189.9,4180.5,4581.7
0xsmoke0031,1770088785,0.96,0.98,0.02,0.04,223.2,425.9,276.2,386.1,1909.4,4180.7
0xsmoke0031,1770088790,0.97,0.99,0.01,0.03,398.8,445.6,226.1,282.4,4131.3,3752.5
0xsmoke0031,1770088795,0.96,0.98,0.02,0.04,65.9,147.8,254.2,388.8,4570.8,4939.5
0xsmoke0031,1770088800,0.96,0.98,0.02,0.04,484.8,221.8,131.8,467.9,975.9,2644.2
0xsmoke0032,1770088805,0.51,0.53,0.47,0.49,332.0,432.9,288.8,250.3,2020.7,3305.8
0xsmoke0032,1770088810,0.48,0.5,0.5,0.52,278.9,355.9,277.8,362.2,2749.8,3989.5
0xsmoke0032,1770088815,0.45,0.47,0.53,0.55,212.1,187.5,445.4,311.4,4735.8,3009.2
0xsmoke0032,1770088820,0.53,0.55,0.45,0.47,382.7,452.3,184.3,498.0,1851.0,3869.8
0xsmoke0032,1770088825,0.47,0.49,0.51,0.53,209.8,96.8,70.3,54.8,2980.3,3025.1
0xsmoke0032,1770088830,0.45,0.47,0.53,0.55,67.2,58.7,310.8,389.3,4543.1,2610.1
0xsmoke0032,1770088835,0.43,0.45,0.55,0.57,157.0,72.0,309.1,196.5,2305.6,1015.9
0xsmoke0032,1770088840,0.58,0.6,0.4,0.42,447.4,384.2,111.2,172.3,1383.0,4957.9
0xsmoke0032,1770088845,0.52,0.54,0.46,0.48,116.2,416.2,145.6,85.4,2172.0,665.7
0xsmoke0032,1770088850,0.56,0.58,0.42,0.44,246.1,190.6,300.4,404.7,2035.8,1722.2
0xsmoke0032,1770088855,0.53,0.55,0.45,0.47,239.1,166.7,475.6,144.3,2296.0,1812.9
0xsmoke0032,1770088860,0.56,0.58,0.42,0.44,348.9,459.2,171.7,421.2,3505.7,1006.6
0xsmoke0032,1770088865,0.55,0.57,0.43,0.45,427.6,245.7,122.7,108.5,1812.4,3413.2
0xsmoke0032,1770088870,0.57,0.59,0.41,0.43,120.4,434.4,168.6,356.6,4249.3,3865.2
0xsmoke0032,1770088875,0.57,0.59,0.41,0.43,252.4,367.0,214.6,393.6,3641.3,1012.7
0xsmoke0032,1770088880,0.57,0.59,0.41,0.43,348.7,264.5,323.4,349.3,2608.6,1093.1
0xsmoke0032,1770088885,0.53,0.55,0.45,0.47,180.3,275.3,62.8,481.8,1321.4,4967.5
0xsmoke0032,1770088890,0.57,0.59,0.41,0.43,223.5,304.5,148.5,55.8,2722.2,815.4
0xsmoke0032,1770088895,0.58,0.6,0.4,0.42,79.4,298.7,350.2,482.5,1596.6,4270.4
0xsmoke0032,1770088900,0.68,0.7,0.3,0.32,56.0,214.3,490.9,379.2,3512.7,3650.3
0xsmoke0032,1770088905,0.63,0.65,0.35,0.37,292.3,111.2,72.7,305.6,1298.1,4709.2
0xsmoke0032,1770088910,0.68,0.7,0.3,0.32,304.1,325.0,108.5,415.1,2415.5,3894.3
0xsmoke0032,1770088915,0.55,0.57,0.43,0.45,411.0,104.7,488.4,358.1,2052.3,2350.1
0xsmoke0032,1770088920,0.63,0.65,0.35,0.37,279.4,452.7,264.6,199.5,2581.7,2374.0
0xsmoke0032,1770088925,0.51,0.53,0.47,0.49,282.6,373.6,372.7,62.7,4731.6,2088.3
0xsmoke0032,1770088930,0.51,0.53,0.47,0.49,282.3,458.4,68.5,429.7,3549.2,2911.4
0xsmoke0032,1770088935,0.52,0.54,0.46,0.48,291.2,365.3,253.1,466.8,3057.0,2562.3
0xsmoke0032,1770088940,0.54,0.56,0.44,0.46,62.5,455.6,269.2,112.5,3628.0,1633.8
0xsmoke0032,1770088945,0.49,0.51,0.49,0.51,291.9,486.4,356.7,253.9,3428.0,3447.3
0xsmoke0032,1770088950,0.6,0.62,0.38,0.4,222.3,129.1,103.2,199.9,672.1,1338.7
0xsmoke0032,1770088955,0.62,0.64,0.36,0.38,294.2,242.0,99.3,497.7,3882.9,3583.5
0xsmoke0032,1770088960,0.68,0.7,0.3,0.32,138.2,378.4,215.7,141.3,1818.4,4230.0
0xsmoke0032,1770088965,0.68,0.7,0.3,0.32,444.7,497.9,473.3,266.7,3047.9,3221.0
0xsmoke0032,1770088970,0.75,0.77,0.23,0.25,391.4,411.9,141.0,203.4,3360.1,4802.0
0xsmoke0032,1770088975,0.68,0.7,0.3,0.32,446.0,81.5,297.5,185.4,4386.3,1349.0
0xsmoke0032,1770088980,0.76,0.78,0.22,0.24,222.0,391.1,381.2,204.7,3782.0,1175.7
0xsmoke0032,1770088985,0.68,0.7,0.3,0.32,444.6,123.9,159.6,212.6,1465.1,2895.7
0xsmoke0032,1770088990,0.78,0.8,0.2,0.22,318.3,59.3,416.8,228.9,809.8,3293.8
0xsmoke0032,1770088995,0.74,0.76,0.24,0.26,147.2,390.7,82.7,476.4,1608.9,3231.1
0xsmoke0032,1770089000,0.86,0.88,0.12,0.14,499.9,479.2,345.4,170.5,2133.6,3117.2
0xsmoke0032,1770089005,0.77,0.79,0.21,0.23,314.4,458.1,116.3,172.8,4831.6,4374.2
0xsmoke0032,1770089010,0.76,0.78,0.22,0.24,94.9,340.8,426.0,490.4,1085.5,2638.8
0xsmoke0032,1770089015,0.79,0.81,0.19,0.21,433.9,269.0,67.5,84.0,2752.1,1107.2
0xsmoke0032,1770089020,0.8,0.82,0.18,0.2,314.8,278.2,310.4,57.1,3629.9,666.6
0xsmoke0032,1770089025,0.81,0.83,0.17,0.19,118.1,231.6,413.7,428.3,4482.5,3622.1
0xsmoke0032,1770089030,0.81,0.83,0.17,0.19,411.1,81.4,64.2,447.1,3750.5,2432.0
0xsmoke0032,1770089035,0.83,0.85,0.15,0.17,487.3,146.5,163.9,474.7,3918.8,4326.4
0xsmoke0032,1770089040,0.79,0.81,0.19,0.21,480.9,226.7,160.9,302.9,2222.5,2014.4
0xsmoke0032,1770089045,0.89,0.91,0.09,0.11,452.4,296.2,202.6,135.1,4247.5,3367.8
0xsmoke0032,1770089050,0.79,0.81,0.19,0.21,415.3,86.0,89.7,181.8,4028.7,2864.6
0xsmoke0032,1770089055,0.84,0.86,0.14,0.16,457.9,494.0,427.6,247.2,2952.3,507.2
0xsmoke0032,1770089060,0.92,0.94,0.06,0.08,247.2,196.9,285.4,52.6,4770.1,2667.8
0xsmoke0032,1770089065,0.91,0.93,0.07,0.09,337.8,309.6,368.4,495.1,2479.8,500.5
0xsmoke0032,1770089070,0.87,0.89,0.11,0.13,233.6,163.5,269.2,334.3,2857.4,740.3
0xsmoke0032,1770089075,0.93,0.95,0.05,0.07,62.5,358.2,232.8,298.0,2298.5,3608.1
0xsmoke0032,1770089080,0.82,0.84,0.16,0.18,325.9,142.5,376.7,146.2,3598.0,3083.2
0xsmoke0032,1770089085,0.93,0.95,0.05,0.07,134.8,152.1,219.9,447.9,3695.9,2658.9
0xsmoke0032,1770089090,0.95,0.97,0.03,0.05,63.5,148.0,445.9,219.9,1733.5,4732.2
0xsmoke0032,1770089095,0.97,0.99,0.01,0.03,410.3,221.6,214.3,200.3,1715.5,1685.5
0xsmoke0032,1770089100,0.95,0.97,0.03,0.05,259.2,249.5,58.6,227.4,4187.6,3888.0
0xsmoke0033,1770089105,0.49,0.51,0.49,0.51,143.3,333.1,332.9,72.6,1899.3,2799.0
0xsmoke0033,1770089110,0.52,0.54,0.46,0.48,303.1,339.4,448.9,444.3,1402.9,4406.9
0xsmoke0033,1770089115,0.47,0.49,0.51,0.53,51.5,401.5,458.0,96.6,3886.2,863.5
0xsmoke0033,1770089120,0.48,0.5,0.5,0.52,258.7,269.4,459.7,186.8,2933.1,954.0
0xsmoke0033,1770089125,0.48,0.5,0.5,0.52,290.6,439.9,217.0,52.5,1546.6,2738.5
0xsmoke0033,1770089130,0.54,0.56,0.44,0.46,114.6,151.2,429.2,242.1,1125.0,2919.0
0xsmoke0033,1770089135,0.47,0.49,0.51,0.53,327.6,382.4,305.2,73.4,3175.3,3225.6
0xsmoke0033,1770089140,0.52,0.54,0.46,0.48,115.0,142.7,332.1,396.7,828.9,3924.4
0xsmoke0033,1770089145,0.56,0.58,0.42,0.44,332.8,403.6,87.8,378.2,3845.6,2606.1
0xsmoke0033,1770089150,0.53,0.55,0.45,0.47,308.5,314.1,231.5,286.6,3815.5,4066.0
0xsmoke0033,1770089155,0.56,0.58,0.42,0.44,488.1,60.6,457.2,446.9,4988.5,4064.6
0xsmoke0033,1770089160,0.52,0.54,0.46,0.48,491.6,110.4,104.2,302.6,4621.1,2892.9
0xsmoke0033,1770089165,0.55,0.57,0.43,0.45,435.8,313.1,421.0,321.7,2829.4,2740.6
0xsmoke0033,1770089170,0.58,0.6,0.4,0.42,105.4,202.5,93.8,346.5,2322.4,4526.8
0xsmoke0033,1770089175,0.61,0.63,0.37,0.39,462.9,190.3,474.6,454.3,1800.9,2893.3
0xsmoke0033,1770089180,0.56,0.58,0.42,0.44,329.5,355.5,257.2,244.2,2723.0,4048.9
0xsmoke0033,1770089185,0.62,0.64,0.36,0.38,425.8,372.7,228.6,488.3,3124.8,2795.7
0xsmoke0033,1770089190,0.59,0.61,0.39,0.41,204.1,287.4,92.1,322.8,2030.5,3472.0
0xsmoke0033,1770089195,0.65,0.67,0.33,0.35,496.6,382.2,53.6,104.0,2728.9,2930.5
0xsmoke0033,1770089200,0.55,0.57,0.43,0.45,379.6,470.3,77.9,332.1,1799.3,2257.6
0xsmoke0033,1770089205,0.58,0.6,0.4,0.42,80.2,142.3,276.8,386.5,4782.4,4878.0
0xsmoke0033,1770089210,0.62,0.64,0.36,0.38,400.0,252.7,178.1,438.2,3864.9,3696.3
0xsmoke0033,1770089215,0.58,0.6,0.4,0.42,462.4,295.8,164.9,55.3,1580.6,3453.4
0xsmoke0033,1770089220,0.6,0.62,0.38,0.4,138.5,109.7,65.6,306.8,3459.6,4793.6
0xsmoke0033,1770089225,0.55,0.57,0.43,0.45,120.2,142.5,485.0,180.7,2931.8,4118.3
0xsmoke0033,1770089230,0.55,0.57,0.43,0.45,67.7,262.5,289.7,291.7,1002.5,4835.8
0xsmoke0033,1770089235,0.54,0.56,0.44,0.46,352.6,394.9,163.6,61.8,3269.2,4595.6
0xsmoke0033,1770089240,0.56,0.58,0.42,0.44,444.9,141.6,447.6,84.3,1782.1,4214.6
0xsmoke0033,1770089245,0.61,0.63,0.37,0.39,401.4,408.0,458.2,435.4,3728.8,1252.9
0xsmoke0033,1770089250,0.53,0.55,0.45,0.47,86.0,190.0,190.4,496.0,4343.4,921.2
0xsmoke0033,1770089255,0.67,0.69,0.31,0.33,410.6,226.4,284.9,444.4,4624.8,1271.1
0xsmoke0033,1770089260,0.73,0.75,0.25,0.27,252.3,60.2,186.4,450.3,1327.3,1243.4
0xsmoke0033,1770089265,0.72,0.74,0.26,0.28,244.8,460.8,176.4,77.6,4620.2,1937.8
0xsmoke0033,1770089270,0.74,0.76,0.24,0.26,352.7,425.7,194.2,370.7,4171.2,3555.9
0xsmoke0033,1770089275,0.75,0.77,0.23,0.25,457.7,305.2,474.2,371.2,4597.2,1143.3
0xsmoke0033,1770089280,0.71,0.73,0.27,0.29,117.8,60.8,344.8,486.9,3331.2,4883.4
0xsmoke0033,1770089285,0.77,0.79,0.21,0.23,328.5,229.7,139.0,480.8,4735.7,4545.2
0xsmoke0033,1770089290,0.79,0.81,0.19,0.21,387.2,290.9,420.5,305.1,552.3,1748.7
0xsmoke0033,1770089295,0.77,0.79,0.21,0.23,197.8,205.1,58.1,280.1,4732.0,3275.5
0xsmoke0033,1770089300,0.81,0.83,0.17,0.19,487.1,444.4,447.3,102.6,3668.9,1980.2
0xsmoke0033,1770089305,0.77,0.79,0.21,0.23,218.6,160.6,485.9,434.5,3417.6,2664.2
0xsmoke0033,1770089310,0.76,0.78,0.22,0.24,346.6,242.7,233.8,169.5,3313.4,1786.3
0xsmoke0033,1770089315,0.77,0.79,0.21,0.23,179.6,461.3,283.6,117.5,1045.2,3972.3
0xsmoke0033,1770089320,0.78,0.8,0.2,0.22,151.3,306.8,269.1,247.4,3642.4,4117.6
0xsmoke0033,1770089325,0.85,0.87,0.13,0.15,149.5,321.2,120.0,134.0,2056.6,3075.2
0xsmoke0033,1770089330,0.85,0.87,0.13,0.15,71.2,271.2,126.3,127.3,4384.5,3414.4
0xsmoke0033,1770089335,0.75,0.77,0.23,0.25,397.5,491.8,434.1,116.7,3469.7,2345.0
0xsmoke0033,1770089340,0.81,0.83,0.17,0.19,132.9,106.4,488.3,255.7,1242.1,2589.5
0xsmoke0033,1770089345,0.81,0.83,0.17,0.19,120.2,383.1,331.6,374.4,4277.8,4453.5
0xsmoke0033,1770089350,0.94,0.96,0.04,0.06,494.5,137.3,225.8,266.5,2607.3,937.3
0xsmoke0033,1770089355,0.86,0.88,0.12,0.14,405.3,279.3,349.9,362.0,3320.0,558.4
0xsmoke0033,1770089360,0.88,0.9,0.1,0.12,386.3,214.9,486.0,481.8,2806.2,4913.5
0xsmoke0033,1770089365,0.94,0.96,0.04,0.06,266.3,466.7,90.3,280.2,2373.3,2251.5
0xsmoke0033,1770089370,0.93,0.95,0.05,0.07,320.9,465.9,73.1,115.3,3590.8,2929.9
0xsmoke0033,1770089375,0.95,0.97,0.03,0.05,430.4,419.6,193.9,147.3,3292.8,746.2
0xsmoke0033,1770089380,0.95,0.97,0.03,0.05,329.0,268.2,434.2,80.2,587.2,4694.8
0xsmoke0033,1770089385,0.95,0.97,0.03,0.05,66.6,374.1,314.1,114.1,2361.7,3186.5
0xsmoke0033,1770089390,0.97,0.99,0.01,0.03,140.7,55.3,78.5,158.5,1908.0,1429.6
0xsmoke0033,1770089395,0.9,0.92,0.08,0.1,95.7,227.0,200.7,184.9,2215.2,4383.1
0xsmoke0033,1770089400,0.97,0.99,0.01,0.03,107.7,94.5,303.1,89.3,4153.6,2175.1
0xsmoke0034,1770089405,0.53,0.55,0.45,0.47,215.5,293.2,78.6,127.5,1315.8,4731.1
0xsmoke0034,1770089410,0.45,0.47,0.53,0.55,337.0,332.4,393.2,248.5,4703.3,1551.2
0xsmoke0034,1770089415,0.51,0.53,0.47,0.49,58.9,314.8,327.2,391.4,1316.6,2039.6
0xsmoke0034,1770089420,0.54,0.56,0.44,0.46,138.8,183.2,309.6,494.6,1987.9,1275.2
0xsmoke0034,1770089425,0.56,0.58,0.42,0.44,494.4,164.7,384.5,82.2,2427.9,3128.7
0xsmoke0034,1770089430,0.6,0.62,0.38,0.4,335.4,240.1,124.5,236.5,2588.7,1922.5
0xsmoke0034,1770089435,0.53,0.55,0.45,0.47,448.1,137.1,220.0,257.8,1245.0,4018.4
0xsmoke0034,1770089440,0.5,0.52,0.48,0.5,424.4,61.8,60.7,282.7,2908.8,2564.1
0xsmoke0034,1770089445,0.52,0.54,0.46,0.48,387.6,421.0,400.5,419.2,4131.6,4501.9
0xsmoke0034,1770089450,0.53,0.55,0.45,0.47,132.0,281.3,366.3,279.0,2785.1,1943.8
0xsmoke0034,1770089455,0.55,0.57,0.43,0.45,456.0,214.2,61.4,211.3,4995.7,585.2
0xsmoke0034,1770089460,0.58,0.6,0.4,0.42,135.3,65.4,497.2,167.1,4879.3,1664.0
0xsmoke0034,1770089465,0.48,0.5,0.5,0.52,491.7,166.0,419.0,427.0,2290.2,1044.6
0xsmoke0034,1770089470,0.59,0.61,0.39,0.41,120.7,216.0,140.7,454.6,1759.9,2970.5
0xsmoke0034,1770089475,0.6,0.62,0.38,0.4,168.5,306.1,373.1,492.9,2440.1,2047.0
0xsmoke0034,1770089480,0.63,0.65,0.35,0.37,301.5,192.1,234.0,337.9,3815.8,3754.3
0xsmoke0034,1770089485,0.57,0.59,0.41,0.43,113.4,353.5,147.1,431.6,4538.7,1742.2
0xsmoke0034,1770089490,0.63,0.65,0.35,0.37,334.6,379.7,377.2,349.8,1117.8,3149.4
0xsmoke0034,1770089495,0.67,0.69,0.31,0.33,421.3,253.0,491.9,455.2,2497.3,4322.4
0xsmoke0034,1770089500,0.6,0.62,0.38,0.4,115.7,275.3,414.6,364.3,1893.7,2718.7
0xsmoke0034,1770089505,0.59,0.61,0.39,0.41,378.4,477.5,117.1,382.1,3498.1,1772.4
0xsmoke0034,1770089510,0.55,0.57,0.43,0.45,272.6,337.5,496.9,292.0,3492.5,3117.1
0xsmoke0034,1770089515,0.62,0.64,0.36,0.38,352.9,115.6,75.2,455.7,3895.8,1068.8
0xsmoke0034,1770089520,0.51,0.53,0.47,0.49,347.8,323.2,388.6,467.7,1859.7,751.9
0xsmoke0034,1770089525,0.53,0.55,0.45,0.47,190.4,373.8,357.5,353.9,4157.6,1209.4
0xsmoke0034,1770089530,0.53,0.55,0.45,0.47,284.1,125.2,276.7,170.5,4935.8,4269.7
0xsmoke0034,1770089535,0.56,0.58,0.42,0.44,440.6,160.1,288.9,327.0,724.6,1620.5
0xsmoke0034,1770089540,0.52,0.54,0.46,0.48,165.7,457.6,261.8,275.1,1054.0,4337.1
0xsmoke0034,1770089545,0.57,0.59,0.41,0.43,149.8,126.1,124.3,399.2,2149.5,3165.8
0xsmoke0034,1770089550,0.68,0.7,0.3,0.32,466.7,281.7,259.0,474.7,4165.2,4912.7
0xsmoke0034,1770089555,0.64,0.66,0.34,0.36,153.1,257.8,405.6,153.9,2511.1,1077.7
0xsmoke0034,1770089560,0.71,0.73,0.27,0.29,300.1,128.8,319.1,116.6,2726.8,3617.3
0xsmoke0034,1770089565,0.78,0.8,0.2,0.22,244.8,127.5,489.5,294.6,2691.7,672.6
0xsmoke0034,1770089570,0.71,0.73,0.27,0.29,404.1,373.8,255.7,258.7,4202.6,4696.5
0xsmoke0034,1770089575,0.66,0.68,0.32,0.34,337.8,427.4,202.5,129.2,3883.5,3271.9
0xsmoke0034,1770089580,0.68,0.7,0.3,0.32,428.7,389.4,64.8,277.7,3666.4,4579.5
0xsmoke0034,1770089585,0.7,0.72,0.28,0.3,156.4,117.9,483.7,436.8,2407.2,2352.6
0xsmoke0034,1770089590,0.76,0.78,0.22,0.24,339.8,168.5,268.6,490.2,2522.8,593.1
0xsmoke0034,1770089595,0.8,0.82,0.18,0.2,118.6,343.8,215.4,346.8,1787.3,4063.8
0xsmoke0034,1770089600,0.72,0.74,0.26,0.28,471.1,394.3,265.4,487.7,1953.1,2612.1
0xsmoke0034,1770089605,0.85,0.87,0.13,0.15,64.5,189.7,82.0,101.8,1034.9,2172.2
0xsmoke0034,1770089610,0.75,0.77,0.23,0.25,304.9,336.2,134.4,180.3,1069.5,4574.4
0xsmoke0034,1770089615,0.81,0.83,0.17,0.19,334.3,272.8,83.5,423.7,2780.7,3021.7
0xsmoke0034,1770089620,0.8,0.82,0.18,0.2,187.6,224.5,114.6,445.1,2219.3,4319.3
0xsmoke0034,1770089625,0.75,0.77,0.23,0.25,232.6,318.5,156.7,266.5,1918.4,4684.3
0xsmoke0034,1770089630,0.83,0.85,0.15,0.17,454.1,162.0,143.1,50.9,3140.4,1822.7
0xsmoke0034,1770089635,0.84,0.86,0.14,0.16,253.0,305.6,388.0,448.5,1374.3,2720.0
0xsmoke0034,1770089640,0.82,0.84,0.16,0.18,193.1,299.5,250.5,387.0,3777.5,2295.0
0xsmoke0034,1770089645,0.84,0.86,0.14,0.16,333.5,470.4,230.7,274.8,1611.2,4492.3
0xsmoke0034,1770089650,0.83,0.85,0.15,0.17,221.5,90.5,248.6,319.9,993.7,3499.4
0xsmoke0034,1770089655,0.88,0.9,0.1,0.12,144.9,202.1,468.1,446.9,1857.6,640.5
0xsmoke0034,1770089660,0.93,0.95,0.05,0.07,253.7,61.5,359.6,319.5,2358.0,1174.9
0xsmoke0034,1770089665,0.84,0.86,0.14,0.16,215.7,161.0,493.3,387.8,2939.3,2077.9
0xsmoke0034,1770089670,0.92,0.94,0.06,0.08,365.9,448.0,489.8,311.0,4222.0,4610.0
0xsmoke0034,1770089675,0.97,0.99,0.01,0.03,332.5,431.9,409.8,383.0,2567.9,4392.6
0xsmoke0034,1770089680,0.96,0.98,0.02,0.04,182.4,249.9,421.0,85.5,555.0,784.7
0xsmoke0034,1770089685,0.93,0.95,0.05,0.07,154.4,111.7,58.2,171.3,3217.7,3845.3
0xsmoke0034,1770089690,0.97,0.99,0.01,0.03,467.0,69.5,446.0,71.6,3199.7,1421.9
0xsmoke0034,1770089695,0.97,0.99,0.01,0.03,386.2,416.4,182.7,121.1,3921.2,3591.6
0xsmoke0034,1770089700,0.91,0.93,0.07,0.09,244.5,275.6,479.8,106.9,3179.8,4362.2
0xsmoke0035,1770089705,0.44,0.46,0.54,0.56,384.3,418.5,161.9,204.6,2424.7,4952.0
0xsmoke0035,1770089710,0.48,0.5,0.5,0.52,467.8,215.0,448.1,273.2,3189.0,3466.6
0xsmoke0035,1770089715,0.47,0.49,0.51,0.53,200.7,217.5,106.1,441.5,2538.0,4820.1
0xsmoke0035,1770089720,0.51,0.53,0.47,0.49,332.7,498.6,364.5,453.0,4697.7,2904.7
0xsmoke0035,1770089725,0.46,0.48,0.52,0.54,333.1,343.6,194.7,132.6,2067.0,4010.6
0xsmoke0035,1770089730,0.54,0.56,0.44,0.46,407.8,213.2,411.3,324.2,4730.6,1518.1
0xsmoke0035,1770089735,0.53,0.55,0.45,0.47,251.9,142.6,125.0,161.1,3556.6,4323.8
0xsmoke0035,1770089740,0.55,0.57,0.43,0.45,202.8,105.0,288.2,99.6,1912.8,4577.6
0xsmoke0035,1770089745,0.54,0.56,0.44,0.46,189.5,389.2,50.4,382.5,4130.0,2690.6
0xsmoke0035,1770089750,0.51,0.53,0.47,0.49,150.7,455.1,372.3,488.2,1361.1,2390.5
0xsmoke0035,1770089755,0.55,0.57,0.43,0.45,313.8,267.6,109.8,474.1,1454.7,3739.8
0xsmoke0035,1770089760,0.46,0.48,0.52,0.54,402.0,396.8,257.3,292.1,851.7,3880.2
0xsmoke0035,1770089765,0.55,0.57,0.43,0.45,103.4,69.7,181.6,108.9,1260.4,2317.0
0xsmoke0035,1770089770,0.59,0.61,0.39,0.41,170.9,130.9,324.6,292.7,2259.6,1372.8
0xsmoke0035,1770089775,0.56,0.58,0.42,0.44,95.8,222.1,143.0,376.6,2908.5,4595.7
0xsmoke0035,1770089780,0.58,0.6,0.4,0.42,340.1,85.6,55.2,338.3,4030.3,4378.6
0xsmoke0035,1770089785,0.5,0.52,0.48,0.5,444.4,298.7,359.3,209.2,4901.0,4885.4
0xsmoke0035,1770089790,0.55,0.57,0.43,0.45,154.3,303.1,357.9,416.0,3399.8,4094.9
0xsmoke0035,1770089795,0.58,0.6,0.4,0.42,343.9,102.1,381.8,261.1,4094.2,989.1
0xsmoke0035,1770089800,0.54,0.56,0.44,0.46,192.8,267.3,491.9,396.4,4463.2,4271.7
0xsmoke0035,1770089805,0.56,0.58,0.42,0.44,374.5,384.8,390.9,163.7,2182.3,3414.8
0xsmoke0035,1770089810,0.61,0.63,0.37,0.39,277.6,235.4,84.1,82.4,1425.3,2544.1
0xsmoke0035,1770089815,0.6,0.62,0.38,0.4,393.2,188.4,403.6,413.8,4676.1,3658.4
0xsmoke0035,1770089820,0.51,0.53,0.47,0.49,351.7,83.7,317.9,69.0,3352.6,3499.4
0xsmoke0035,1770089825,0.55,0.57,0.43,0.45,128.2,281.9,120.5,221.7,3676.6,644.4
0xsmoke0035,1770089830,0.52,0.54,0.46,0.48,449.0,214.7,420.3,417.5,3694.9,2386.1
0xsmoke0035,1770089835,0.49,0.51,0.49,0.51,141.5,411.1,352.3,485.5,3283.9,518.6
0xsmoke0035,1770089840,0.51,0.53,0.47,0.49,70.1,180.6,308.3,298.3,3225.7,2154.2
0xsmoke0035,1770089845,0.55,0.57,0.43,0.45,246.7,156.3,235.8,223.3,1309.9,3080.1
0xsmoke0035,1770089850,0.61,0.63,0.37,0.39,56.7,184.7,102.7,202.6,1255.4,805.1
0xsmoke0035,1770089855,0.59,0.61,0.39,0.41,68.5,80.2,375.9,150.8,3944.2,2369.4
0xsmoke0035,1770089860,0.69,0.71,0.29,0.31,425.7,97.5,60.6,209.1,4790.2,2115.0
0xsmoke0035,1770089865,0.69,0.71,0.29,0.31,323.3,50.6,316.6,345.6,4590.2,3403.1
0xsmoke0035,1770089870,0.75,0.77,0.23,0.25,92.2,250.1,144.7,187.2,836.1,2242.0
0xsmoke0035,1770089875,0.71,0.73,0.27,0.29,186.1,65.0,488.7,234.4,1999.1,3593.9
0xsmoke0035,1770089880,0.73,0.75,0.25,0.27,355.5,192.1,295.0,243.6,3897.4,2264.5
0xsmoke0035,1770089885,0.75,0.77,0.23,0.25,235.8,148.9,440.9,80.4,4971.9,4953.9
0xsmoke0035,1770089890,0.78,0.8,0.2,0.22,193.1,100.8,252.4,373.6,1427.1,3589.9
0xsmoke0035,1770089895,0.79,0.81,0.19,0.21,293.8,407.1,268.1,346.2,2063.2,3120.0
0xsmoke0035,1770089900,0.73,0.75,0.25,0.27,446.6,477.4,179.0,95.8,627.0,1194.0
0xsmoke0035,1770089905,0.74,0.76,0.24,0.26,134.9,394.8,74.3,403.1,2331.4,1213.6
0xsmoke0035,1770089910,0.83,0.85,0.15,0.17,389.4,75.7,235.7,92.8,4789.9,2432.0
0xsmoke0035,1770089915,0.74,0.76,0.24,0.26,318.9,418.6,472.2,231.2,2396.8,4261.5
0xsmoke0035,1770089920,0.83,0.85,0.15,0.17,356.5,411.8,468.9,73.5,3062.4,1688.0
0xsmoke0035,1770089925,0.78,0.8,0.2,0.22,59.7,229.9,261.4,86.0,1992.8,2219.7
0xsmoke0035,1770089930,0.8,0.82,0.18,0.2,395.8,208.6,258.1,411.5,4608.2,1663.5
0xsmoke0035,1770089935,0.83,0.85,0.15,0.17,183.8,478.1,465.5,273.1,914.3,4337.7
0xsmoke0035,1770089940,0.81,0.83,0.17,0.19,406.5,281.1,483.0,210.3,3964.2,944.9
0xsmoke0035,1770089945,0.83,0.85,0.15,0.17,201.1,112.7,239.7,108.9,3088.2,3355.1
0xsmoke0035,1770089950,0.82,0.84,0.16,0.18,90.7,431.2,355.9,329.0,4823.5,988.0
0xsmoke0035,1770089955,0.89,0.91,0.09,0.11,73.3,440.4,429.5,227.9,3153.7,3834.0
0xsmoke0035,1770089960,0.87,0.89,0.11,0.13,363.5,169.3,376.4,385.3,2689.0,2941.1
0xsmoke0035,1770089965,0.87,0.89,0.11,0.13,324.8,460.0,65.9,395.5,3780.7,2450.8
0xsmoke0035,1770089970,0.86,0.88,0.12,0.14,331.9,393.5,118.9,303.7,3850.5,1699.6
0xsmoke0035,1770089975,0.89,0.91,0.09,0.11,295.5,84.4,424.9,65.1,4210.5,2983.1
0xsmoke0035,1770089980,0.92,0.94,0.06,0.08,117.6,107.2,341.2,395.1,2136.3,3400.8
0xsmoke0035,1770089985,0.95,0.97,0.03,0.05,436.0,158.3,107.0,234.2,4257.8,1655.7
0xsmoke0035,1770089990,0.96,0.98,0.02,0.04,90.1,436.4,251.0,423.6,2595.3,2870.6
0xsmoke0035,1770089995,0.93,0.95,0.05,0.07,125.1,61.4,225.0,110.2,1525.7,1257.8
0xsmoke0035,1770090000,0.91,0.93,0.07,0.09,431.8,329.7,209.1,450.2,543.8,4606.2
0xsmoke0036,1770090005,0.52,0.54,0.46,0.48,261.1,471.4,206.3,112.9,955.2,3788.6
0xsmoke0036,1770090010,0.51,0.53,0.47,0.49,169.9,412.3,442.0,223.0,2049.9,2816.6
0xsmoke0036,1770090015,0.49,0.51,0.49,0.51,446.0,289.1,169.7,52.6,4755.6,2018.4
0xsmoke0036,1770090020,0.54,0.56,0.44,0.46,449.1,241.9,153.2,375.3,926.7,780.4
0xsmoke0036,1770090025,0.49,0.51,0.49,0.51,305.3,401.3,341.3,467.2,858.4,3798.5
0xsmoke0036,1770090030,0.57,0.59,0.41,0.43,374.4,281.1,111.0,205.4,1593.0,4811.7
0xsmoke0036,1770090035,0.52,0.54,0.46,0.48,461.1,309.4,76.2,385.8,2130.5,3434.7
0xsmoke0036,1770090040,0.56,0.58,0.42,0.44,305.7,122.5,454.6,191.7,4376.0,4582.8
0xsmoke0036,1770090045,0.57,0.59,0.41,0.43,122.5,230.8,278.3,180.7,839.0,4782.1
0xsmoke0036,1770090050,0.56,0.58,0.42,0.44,280.4,95.3,284.5,413.4,1315.1,4619.4
0xsmoke0036,1770090055,0.5,0.52,0.48,0.5,109.4,395.5,133.8,448.2,1688.5,888.8
0xsmoke0036,1770090060,0.49,0.51,0.49,0.51,58.5,99.3,313.5,384.1,2768.7,4243.7
0xsmoke0036,1770090065,0.53,0.55,0.45,0.47,410.6,252.3,435.8,112.5,2923.9,920.6
0xsmoke0036,1770090070,0.54,0.56,0.44,0.46,208.8,298.7,303.1,159.4,1870.2,4851.8
0xsmoke0036,1770090075,0.59,0.61,0.39,0.41,229.3,431.1,357.5,309.8,1204.1,1640.7
0xsmoke0036,1770090080,0.63,0.65,0.35,0.37,305.3,180.1,468.3,417.8,3903.4,1545.3
0xsmoke0036,1770090085,0.58,0.6,0.4,0.42,429.8,177.3,483.8,237.8,2772.4,3946.3
0xsmoke0036,1770090090,0.66,0.68,0.32,0.34,329.8,320.8,125.5,126.5,630.2,2160.5
0xsmoke0036,1770090095,0.58,0.6,0.4,0.42,83.1,282.2,128.2,419.3,815.7,524.5
0xsmoke0036,1770090100,0.58,0.6,0.4,0.42,209.1,459.7,224.7,405.6,2656.1,2702.0
0xsmoke0036,1770090105,0.61,0.63,0.37,0.39,364.5,64.7,415.3,347.4,3795.1,965.6
0xsmoke0036,1770090110,0.63,0.65,0.35,0.37,282.0,372.7,286.3,450.7,4146.8,3067.6
0xsmoke0036,1770090115,0.61,0.63,0.37,0.39,284.0,205.7,438.4,133.9,3955.9,2967.8
0xsmoke0036,1770090120,0.55,0.57,0.43,0.45,71.9,183.1,465.7,311.6,1451.1,3662.8
0xsmoke0036,1770090125,0.63,0.65,0.35,0.37,307.2,128.1,63.7,457.7,3494.0,4862.3
0xsmoke0036,1770090130,0.59,0.61,0.39,0.41,171.8,72.8,300.7,400.8,4669.5,2201.7
0xsmoke0036,1770090135,0.54,0.56,0.44,0.46,157.1,471.5,355.3,289.8,4639.5,3857.2
0xsmoke0036,1770090140,0.57,0.59,0.41,0.43,397.7,349.4,388.0,200.7,3668.0,1228.7
0xsmoke0036,1770090145,0.57,0.59,0.41,0.43,275.4,393.4,150.3,449.8,2601.5,3491.5
0xsmoke0036,1770090150,0.6,0.62,0.38,0.4,175.2,129.8,307.1,315.9,3194.5,2285.6
0xsmoke0036,1770090155,0.61,0.63,0.37,0.39,466.9,354.8,360.9,60.9,2888.2,2895.4
0xsmoke0036,1770090160,0.7,0.72,0.28,0.3,147.6,120.7,328.3,442.1,3338.7,1967.3
0xsmoke0036,1770090165,0.67,0.69,0.31,0.33,297.5,419.6,311.9,121.8,2426.1,1700.3
0xsmoke0036,1770090170,0.75,0.77,0.23,0.25,75.1,397.1,303.6,193.9,3713.6,2624.3
0xsmoke0036,1770090175,0.78,0.8,0.2,0.22,411.6,413.9,299.2,340.8,3023.3,1801.4
0xsmoke0036,1770090180,0.76,0.78,0.22,0.24,341.8,176.9,384.1,188.6,2239.2,4567.1
0xsmoke0036,1770090185,0.8,0.82,0.18,0.2,169.3,361.6,242.1,440.5,1056.2,577.6
0xsmoke0036,1770090190,0.78,0.8,0.2,0.22,120.4,177.8,138.4,245.7,4579.6,2684.8
0xsmoke0036,1770090195,0.78,0.8,0.2,0.22,120.2,291.0,149.4,148.7,1884.8,2239.2
0xsmoke0036,1770090200,0.7,0.72,0.28,0.3,95.8,168.0,486.8,212.3,593.8,4414.3
0xsmoke0036,1770090205,0.77,0.79,0.21,0.23,220.3,370.7,473.7,451.3,4712.9,3168.4
0xsmoke0036,1770090210,0.81,0.83,0.17,0.19,154.9,194.6,344.0,332.3,4192.5,1054.7
0xsmoke0036,1770090215,0.84,0.86,0.14,0.16,331.8,89.1,277.1,444.9,611.2,4258.0
0xsmoke0036,1770090220,0.86,0.88,0.12,0.14,243.3,147.7,402.2,210.1,3326.9,1077.6
0xsmoke0036,1770090225,0.81,0.83,0.17,0.19,462.8,464.2,491.3,78.1,4152.2,1593.2
0xsmoke0036,1770090230,0.87,0.89,0.11,0.13,407.6,452.8,80.5,143.4,2635.0,4398.4
0xsmoke0036,1770090235,0.89,0.91,0.09,0.11,71.3,379.1,479.1,121.7,4208.6,4804.9
0xsmoke0036,1770090240,0.83,0.85,0.15,0.17,425.1,335.6,490.6,352.4,1807.5,3681.6
0xsmoke0036,1770090245,0.79,0.81,0.19,0.21,209.0,51.7,86.2,133.4,3508.4,2832.5
0xsmoke0036,1770090250,0.87,0.89,0.11,0.13,324.7,193.2,197.9,324.5,3867.6,3825.3
0xsmoke0036,1770090255,0.91,0.93,0.07,0.09,490.5,495.7,468.4,183.1,3840.3,986.6
0xsmoke0036,1770090260,0.84,0.86,0.14,0.16,306.8,81.5,107.3,341.0,3566.2,2167.9
0xsmoke0036,1770090265,0.87,0.89,0.11,0.13,414.5,402.3,390.3,220.1,2071.5,3463.6
0xsmoke0036,1770090270,0.86,0.88,0.12,0.14,354.3,359.6,395.2,160.7,2040.8,1590.7
0xsmoke0036,1770090275,0.97,0.99,0.01,0.03,336.7,254.9,445.9,313.4,4077.7,4827.8
0xsmoke0036,1770090280,0.9,0.92,0.08,0.1,147.3,203.6,71.4,231.5,2498.6,1957.4
0xsmoke0036,1770090285,0.93,0.95,0.05,0.07,141.6,419.7,227.3,58.8,2501.8,2150.7
0xsmoke0036,1770090290,0.95,0.97,0.03,0.05,365.4,236.7,401.4,326.2,4801.4,2017.2
0xsmoke0036,1770090295,0.97,0.99,0.01,0.03,132.5,390.5,137.6,316.9,1010.9,4349.2
0xsmoke0036,1770090300,0.96,0.98,0.02,0.04,181.3,450.3,366.6,321.1,4574.2,4133.1
0xsmoke0037,1770090305,0.5,0.52,0.48,0.5,459.5,139.2,377.4,185.4,1833.6,2404.0
0xsmoke0037,1770090310,0.5,0.52,0.48,0.5,430.0,169.9,336.2,115.0,938.0,582.9
0xsmoke0037,1770090315,0.46,0.48,0.52,0.54,237.6,374.0,244.4,278.3,3059.9,1154.0
0xsmoke0037,1770090320,0.5,0.52,0.48,0.5,425.1,494.7,269.2,190.2,4340.9,2963.3
0xsmoke0037,1770090325,0.48,0.5,0.5,0.52,122.6,338.3,105.4,287.9,4849.5,2832.5
0xsmoke0037,1770090330,0.49,0.51,0.49,0.51,410.6,285.9,426.9,55.4,4294.7,1246.4
0xsmoke0037,1770090335,0.53,0.55,0.45,0.47,305.4,357.6,123.1,407.5,2664.4,3879.1
0xsmoke0037,1770090340,0.5,0.52,0.48,0.5,210.9,290.3,346.8,396.2,2013.4,3284.4
0xsmoke0037,1770090345,0.53,0.55,0.45,0.47,366.1,231.6,467.0,378.5,841.4,3375.3
0xsmoke0037,1770090350,0.54,0.56,0.44,0.46,195.9,144.4,365.7,434.0,2501.5,2740.2
0xsmoke0037,1770090355,0.59,0.61,0.39,0.41,415.2,493.8,253.3,252.4,1354.9,1784.6
0xsmoke0037,1770090360,0.54,0.56,0.44,0.46,236.3,125.1,211.7,77.2,1767.8,3451.4
0xsmoke0037,1770090365,0.57,0.59,0.41,0.43,147.7,364.9,153.6,477.2,1618.5,723.5
0xsmoke0037,1770090370,0.6,0.62,0.38,0.4,205.8,143.4,254.7,430.0,2271.7,2563.4
0xsmoke0037,1770090375,0.56,0.58,0.42,0.44,60.3,458.3,370.7,316.0,2106.8,4865.2
0xsmoke0037,1770090380,0.63,0.65,0.35,0.37,52.4,317.3,354.5,117.9,4301.3,2465.1
0xsmoke0037,1770090385,0.63,0.65,0.35,0.37,371.9,233.5,123.3,243.5,674.7,1891.6
0xsmoke0037,1770090390,0.54,0.56,0.44,0.46,86.2,246.4,266.6,66.0,1448.2,707.2
0xsmoke0037,1770090395,0.61,0.63,0.37,0.39,338.1,51.2,305.5,438.2,699.3,3169.6
0xsmoke0037,1770090400,0.61,0.63,0.37,0.39,114.5,441.2,190.1,431.1,4558.8,1625.2
0xsmoke0037,1770090405,0.64,0.66,0.34,0.36,459.3,51.0,447.6,336.0,518.2,2874.9
0xsmoke0037,1770090410,0.56,0.58,0.42,0.44,432.7,450.2,282.1,96.5,2045.9,1840.6
0xsmoke0037,1770090415,0.65,0.67,0.33,0.35,170.3,300.8,189.0,259.3,3384.2,4174.4
0xsmoke0037,1770090420,0.59,0.61,0.39,0.41,253.4,196.2,333.3,373.6,3707.4,1204.4
0xsmoke0037,1770090425,0.56,0.58,0.42,0.44,439.1,190.4,363.5,57.7,3186.5,1547.3
0xsmoke0037,1770090430,0.55,0.57,0.43,0.45,87.1,447.5,359.3,330.4,2629.9,4076.3
0xsmoke0037,1770090435,0.56,0.58,0.42,0.44,337.7,227.6,56.0,257.4,4110.3,3386.2
0xsmoke0037,1770090440,0.51,0.53,0.47,0.49,64.8,128.4,331.8,187.6,1606.6,4426.1
0xsmoke0037,1770090445,0.58,0.6,0.4,0.42,419.5,206.8,413.9,180.4,2828.1,1138.1
0xsmoke0037,1770090450,0.62,0.64,0.36,0.38,340.7,355.3,126.4,337.8,4902.0,3222.1
0xsmoke0037,1770090455,0.63,0.65,0.35,0.37,356.8,313.4,346.5,426.6,4707.9,1188.9
0xsmoke0037,1770090460,0.63,0.65,0.35,0.37,109.5,498.3,492.5,389.1,3307.9,1210.8
0xsmoke0037,1770090465,0.73,0.75,0.25,0.27,109.3,212.3,93.5,58.8,761.1,2491.0
0xsmoke0037,1770090470,0.68,0.7,0.3,0.32,76.1,389.1,393.6,474.7,4113.7,4768.0
0xsmoke0037,1770090475,0.7,0.72,0.28,0.3,288.6,236.4,200.1,57.2,3695.4,1935.6
0xsmoke0037,1770090480,0.77,0.79,0.21,0.23,474.0,405.8,278.3,301.0,4489.5,1578.0
0xsmoke0037,1770090485,0.69,0.71,0.29,0.31,318.5,321.6,180.5,255.7,2775.6,4065.4
0xsmoke0037,1770090490,0.79,0.81,0.19,0.21,73.7,408.7,268.7,340.3,2936.7,4120.3
0xsmoke0037,1770090495,0.78,0.8,0.2,0.22,228.5,297.7,486.1,240.0,2409.8,2780.3
0xsmoke0037,1770090500,0.83,0.85,0.15,0.17,122.4,319.8,324.4,450.4,2066.4,3271.7
0xsmoke0037,1770090505,0.78,0.8,0.2,0.22,224.9,84.0,175.9,225.1,1842.9,2362.3
0xsmoke0037,1770090510,0.81,0.83,0.17,0.19,164.7,204.3,352.0,330.3,4908.5,1116.5
0xsmoke0037,1770090515,0.83,0.85,0.15,0.17,86.1,152.2,57.9,274.8,556.8,795.2
0xsmoke0037,1770090520,0.81,0.83,0.17,0.19,342.1,92.9,329.4,242.4,4408.1,3094.4
0xsmoke0037,1770090525,0.82,0.84,0.16,0.18,496.2,174.3,254.2,398.0,3758.3,686.4
0xsmoke0037,1770090530,0.83,0.85,0.15,0.17,175.6,487.1,79.6,59.5,4644.3,1134.0
0xsmoke0037,1770090535,0.84,0.86,0.14,0.16,438.1,229.2,70.2,237.3,3782.2,1216.6
0xsmoke0037,1770090540,0.85,0.87,0.13,0.15,200.6,55.2,359.5,91.6,1472.7,2508.8
0xsmoke0037,1770090545,0.85,0.87,0.13,0.15,87.4,485.3,277.9,125.3,1301.7,2920.7
0xsmoke0037,1770090550,0.92,0.94,0.06,0.08,123.4,479.8,443.6,327.1,3866.3,997.8
0xsmoke0037,1770090555,0.88,0.9,0.1,0.12,57.2,311.6,52.2,97.5,4982.4,903.9
0xsmoke0037,1770090560,0.91,0.93,0.07,0.09,292.8,269.6,107.6,227.4,2074.6,3631.3
0xsmoke0037,1770090565,0.84,0.86,0.14,0.16,195.8,61.5,484.2,267.8,2348.1,3916.9
0xsmoke0037,1770090570,0.9,0.92,0.08,0.1,292.6,113.2,409.4,160.1,3233.9,1348.7
0xsmoke0037,1770090575,0.93,0.95,0.05,0.07,331.3,385.3,487.3,357.4,3366.3,3199.9
0xsmoke0037,1770090580,0.91,0.93,0.07,0.09,461.7,311.7,74.2,264.5,2032.0,1206.7
0xsmoke0037,1770090585,0.89,0.91,0.09,0.11,413.4,453.8,443.0,493.8,1360.5,3066.6
0xsmoke0037,1770090590,0.95,0.97,0.03,0.05,377.0,360.5,83.5,173.8,1486.8,822.6
0xsmoke0037,1770090595,0.97,0.99,0.01,0.03,266.1,189.8,117.6,410.8,793.0,1597.8
0xsmoke0037,1770090600,0.97,0.99,0.01,0.03,232.3,340.4,85.3,471.6,2268.4,4219.4
0xsmoke0038,1770090605,0.51,0.53,0.47,0.49,423.9,64.1,174.7,496.6,828.8,4338.2
0xsmoke0038,1770090610,0.48,0.5,0.5,0.52,267.0,178.3,206.8,492.8,2602.3,1131.0
0xsmoke0038,1770090615,0.48,0.5,0.5,0.52,145.8,290.6,403.0,255.0,927.4,3787.5
0xsmoke0038,1770090620,0.45,0.47,0.53,0.55,354.5,469.7,260.1,141.6,2000.0,4083.6
0xsmoke0038,1770090625,0.49,0.51,0.49,0.51,170.5,420.2,392.1,151.4,4206.5,2395.1
0xsmoke0038,1770090630,0.47,0.49,0.51,0.53,302.9,164.0,292.4,479.6,1398.0,2984.4
0xsmoke0038,1770090635,0.46,0.48,0.52,0.54,126.3,324.1,161.8,458.1,4352.6,2883.7
0xsmoke0038,1770090640,0.49,0.51,0.49,0.51,114.5,153.2,287.1,313.4,1113.2,3868.4
0xsmoke0038,1770090645,0.48,0.5,0.5,0.52,488.6,228.0,258.1,406.0,2349.4,4019.6
0xsmoke0038,1770090650,0.43,0.45,0.55,0.57,102.9,457.0,454.7,106.9,1986.7,3051.6
0xsmoke0038,1770090655,0.46,0.48,0.52,0.54,231.6,79.8,289.2,267.2,4677.6,4120.3
0xsmoke0038,1770090660,0.43,0.45,0.55,0.57,356.4,480.8,107.7,289.4,1149.7,1640.9
0xsmoke0038,1770090665,0.37,0.39,0.61,0.63,54.3,266.5,183.3,78.3,2891.9,1402.4
0xsmoke0038,1770090670,0.39,0.41,0.59,0.61,473.6,246.4,296.0,96.1,4782.5,3140.1
0xsmoke0038,1770090675,0.43,0.45,0.55,0.57,348.3,339.8,268.5,241.9,925.3,3920.3
0xsmoke0038,1770090680,0.43,0.45,0.55,0.57,78.8,331.2,443.1,454.7,1492.8,4167.5
0xsmoke0038,1770090685,0.42,0.44,0.56,0.58,136.4,258.0,308.7,288.9,4616.6,2739.3
0xsmoke0038,1770090690,0.36,0.38,0.62,0.64,258.3,133.3,374.5,129.5,2671.6,913.3
0xsmoke0038,1770090695,0.33,0.35,0.65,0.67,213.3,403.5,125.4,269.6,4431.3,3783.5
0xsmoke0038,1770090700,0.42,0.44,0.56,0.58,94.0,318.6,490.7,232.2,3662.5,3567.4
0xsmoke0038,1770090705,0.42,0.44,0.56,0.58,233.1,90.4,94.5,459.4,1466.3,3128.2
0xsmoke0038,1770090710,0.39,0.41,0.59,0.61,455.3,241.3,162.9,458.2,3261.1,4964.2
0xsmoke0038,1770090715,0.39,0.41,0.59,0.61,348.8,263.0,50.5,419.9,2107.4,757.8
0xsmoke0038,1770090720,0.37,0.39,0.61,0.63,128.4,204.7,203.7,186.8,3572.8,3750.0
0xsmoke0038,1770090725,0.45,0.47,0.53,0.55,225.9,194.5,166.1,345.3,4105.6,3719.1
0xsmoke0038,1770090730,0.47,0.49,0.51,0.53,473.7,483.4,402.2,216.2,3857.2,4853.6
0xsmoke0038,1770090735,0.46,0.48,0.52,0.54,208.3,60.6,458.1,408.3,1050.6,2501.2
0xsmoke0038,1770090740,0.45,0.47,0.53,0.55,206.5,247.1,473.9,190.5,3095.0,3850.8
0xsmoke0038,1770090745,0.43,0.45,0.55,0.57,66.8,206.0,422.5,128.6,2527.3,4046.4
0xsmoke0038,1770090750,0.35,0.37,0.63,0.65,270.0,478.3,93.6,178.6,616.4,761.0
0xsmoke0038,1770090755,0.3,0.32,0.68,0.7,288.8,327.1,167.7,367.3,1151.9,1402.1
0xsmoke0038,1770090760,0.32,0.34,0.66,0.68,475.8,197.9,180.4,240.0,1547.0,4599.0
0xsmoke0038,1770090765,0.27,0.29,0.71,0.73,70.5,428.6,377.1,132.3,2190.4,1216.0
0xsmoke0038,1770090770,0.26,0.28,0.72,0.74,460.8,74.1,147.9,235.0,3288.0,4235.9
0xsmoke0038,1770090775,0.25,0.27,0.73,0.75,469.7,308.7,384.0,452.2,3836.5,2588.6
0xsmoke0038,1770090780,0.22,0.24,0.76,0.78,332.6,178.9,63.4,393.7,591.1,4052.4
0xsmoke0038,1770090785,0.26,0.28,0.72,0.74,136.5,435.2,300.7,478.8,4699.6,605.1
0xsmoke0038,1770090790,0.26,0.28,0.72,0.74,416.5,287.3,115.6,280.2,2065.8,2234.3
0xsmoke0038,1770090795,0.28,0.3,0.7,0.72,323.1,422.9,223.6,192.3,4570.0,3339.4
0xsmoke0038,1770090800,0.25,0.27,0.73,0.75,429.4,145.3,365.2,120.3,1240.1,3369.9
0xsmoke0038,1770090805,0.22,0.24,0.76,0.78,153.7,486.1,182.8,372.9,3687.2,2933.6
0xsmoke0038,1770090810,0.16,0.18,0.82,0.84,141.2,112.6,407.0,205.1,1402.5,2828.3
0xsmoke0038,1770090815,0.15,0.17,0.83,0.85,286.4,414.0,206.3,410.6,4633.9,3123.3
0xsmoke0038,1770090820,0.19,0.21,0.79,0.81,306.9,184.7,161.7,374.7,1157.6,2323.7
0xsmoke0038,1770090825,0.12,0.14,0.86,0.88,450.9,291.4,169.8,246.8,771.5,1752.3
0xsmoke0038,1770090830,0.21,0.23,0.77,0.79,160.4,184.9,460.8,172.0,3088.7,4961.7
0xsmoke0038,1770090835,0.11,0.13,0.87,0.89,234.1,410.5,394.9,329.6,3699.5,1149.0
0xsmoke0038,1770090840,0.1,0.12,0.88,0.9,105.9,454.7,130.3,361.0,850.5,4499.0
0xsmoke0038,1770090845,0.11,0.13,0.87,0.89,429.8,490.1,342.1,447.9,4986.3,913.2
0xsmoke0038,1770090850,0.12,0.14,0.86,0.88,384.4,313.4,160.1,354.6,3467.1,2036.3
0xsmoke0038,1770090855,0.13,0.15,0.85,0.87,493.8,294.0,93.4,409.1,4445.3,2180.5
0xsmoke0038,1770090860,0.13,0.15,0.85,0.87,80.5,365.3,489.1,386.9,1708.9,2275.8
0xsmoke0038,1770090865,0.07,0.09,0.91,0.93,246.6,497.3,402.4,244.8,3664.2,814.2
0xsmoke0038,1770090870,0.12,0.14,0.86,0.88,67.6,203.4,129.5,268.8,1985.8,766.3
0xsmoke0038,1770090875,0.1,0.12,0.88,0.9,234.6,320.6,169.5,230.5,4756.6,2342.8
0xsmoke0038,1770090880,0.1,0.12,0.88,0.9,273.8,466.5,125.2,260.2,4145.7,2889.4
0xsmoke0038,1770090885,0.07,0.09,0.91,0.93,219.6,138.1,351.6,429.9,3775.5,723.7
0xsmoke0038,1770090890,0.03,0.05,0.95,0.97,386.3,220.3,178.0,482.5,1124.8,4055.8
0xsmoke0038,1770090895,0.02,0.04,0.96,0.98,294.5,366.1,461.8,397.9,861.7,4399.3
0xsmoke0038,1770090900,0.06,0.08,0.92,0.94,66.5,183.3,447.3,289.2,540.1,3956.9
0xsmoke0039,1770090905,0.52,0.54,0.46,0.48,117.0,440.1,329.2,324.5,709.8,4876.9
0xsmoke0039,1770090910,0.55,0.57,0.43,0.45,108.3,417.9,207.5,63.2,2846.9,4292.3
0xsmoke0039,1770090915,0.52,0.54,0.46,0.48,75.5,438.5,243.3,301.8,2330.4,4845.7
0xsmoke0039,1770090920,0.51,0.53,0.47,0.49,417.8,476.5,317.2,432.4,1446.9,1365.7
0xsmoke0039,1770090925,0.56,0.58,0.42,0.44,354.5,479.3,211.5,131.2,2381.6,4511.2
0xsmoke0039,1770090930,0.53,0.55,0.45,0.47,191.2,275.2,379.1,97.4,3656.9,2463.8
0xsmoke0039,1770090935,0.52,0.54,0.46,0.48,411.8,395.5,71.6,290.8,743.9,2094.9
0xsmoke0039,1770090940,0.49,0.51,0.49,0.51,270.8,146.6,192.3,388.2,3983.8,3896.2
0xsmoke0039,1770090945,0.6,0.62,0.38,0.4,209.9,67.5,77.5,310.8,4842.4,2802.3
0xsmoke0039,1770090950,0.58,0.6,0.4,0.42,437.4,218.0,150.8,477.8,509.3,2898.4
0xsmoke0039,1770090955,0.56,0.58,0.42,0.44,161.7,473.1,352.8,297.0,980.7,4667.8
0xsmoke0039,1770090960,0.53,0.55,0.45,0.47,95.3,296.4,87.8,433.5,2327.7,1809.5
0xsmoke0039,1770090965,0.56,0.58,0.42,0.44,143.7,136.9,321.2,125.9,2957.9,4442.7
0xsmoke0039,1770090970,0.61,0.63,0.37,0.39,293.0,243.3,205.7,163.5,2381.7,4943.7
0xsmoke0039,1770090975,0.52,0.54,0.46,0.48,181.2,172.2,250.2,253.4,2060.9,2973.3
0xsmoke0039,1770090980,0.53,0.55,0.45,0.47,365.4,377.0,285.6,423.9,873.4,3107.6
0xsmoke0039,1770090985,0.55,0.57,0.43,0.45,380.2,480.7,113.7,346.7,4046.1,2306.8
0xsmoke0039,1770090990,0.59,0.61,0.39,0.41,249.6,420.8,151.1,403.5,3860.7,2972.5
0xsmoke0039,1770090995,0.59,0.61,0.39,0.41,475.2,109.5,79.0,284.4,879.4,1652.5
0xsmoke0039,1770091000,0.59,0.61,0.39,0.41,475.8,277.9,166.5,196.6,1331.3,2159.4
0xsmoke0039,1770091005,0.58,0.6,0.4,0.42,428.2,301.8,98.2,432.9,2530.5,648.5
0xsmoke0039,1770091010,0.6,0.62,0.38,0.4,347.7,275.9,236.8,378.3,4886.3,2752.0
0xsmoke0039,1770091015,0.58,0.6,0.4,0.42,296.7,157.8,371.4,403.9,1066.4,1467.0
0xsmoke0039,1770091020,0.5,0.52,0.48,0.5,66.8,201.6,271.5,310.8,2729.7,4220.5
0xsmoke0039,1770091025,0.51,0.53,0.47,0.49,480.3,390.8,73.0,75.7,990.8,3263.3
0xsmoke0039,1770091030,0.56,0.58,0.42,0.44,165.1,353.6,202.8,404.7,3793.2,1554.0
0xsmoke0039,1770091035,0.52,0.54,0.46,0.48,326.1,88.1,305.9,350.9,1172.7,3962.7
0xsmoke0039,1770091040,0.56,0.58,0.42,0.44,333.3,282.8,371.1,271.8,2848.6,2617.1
0xsmoke0039,1770091045,0.6,0.62,0.38,0.4,333.6,60.8,237.9,400.1,4352.4,4299.2
0xsmoke0039,1770091050,0.68,0.7,0.3,0.32,486.1,495.1,231.2,353.7,1205.4,3335.5
0xsmoke0039,1770091055,0.67,0.69,0.31,0.33,443.4,110.6,123.0,340.3,3016.5,3296.1
0xsmoke0039,1770091060,0.71,0.73,0.27,0.29,70.9,319.3,247.5,138.4,4216.9,3804.8
0xsmoke0039,1770091065,0.71,0.73,0.27,0.29,236.3,121.5,50.1,441.6,2614.0,2679.0
0xsmoke0039,1770091070,0.74,0.76,0.24,0.26,237.9,331.7,248.8,419.0,1365.5,1052.1
0xsmoke0039,1770091075,0.76,0.78,0.22,0.24,138.9,188.6,382.4,62.9,2836.5,1950.6
0xsmoke0039,1770091080,0.7,0.72,0.28,0.3,287.0,281.4,340.0,410.2,1813.9,610.3
0xsmoke0039,1770091085,0.68,0.7,0.3,0.32,251.2,145.2,373.6,380.5,4908.7,4759.6
0xsmoke0039,1770091090,0.81,0.83,0.17,0.19,58.3,420.3,345.1,188.5,4453.0,2597.6
0xsmoke0039,1770091095,0.83,0.85,0.15,0.17,415.3,462.2,115.6,475.6,1256.8,3589.4
0xsmoke0039,1770091100,0.75,0.77,0.23,0.25,442.1,496.0,95.7,254.9,4391.6,2323.0
0xsmoke0039,1770091105,0.75,0.77,0.23,0.25,267.6,69.8,129.8,433.8,4257.6,4125.5
0xsmoke0039,1770091110,0.75,0.77,0.23,0.25,343.5,254.1,350.2,203.2,1830.7,4673.8
0xsmoke0039,1770091115,0.83,0.85,0.15,0.17,334.4,280.0,183.2,248.0,4509.3,4325.2
0xsmoke0039,1770091120,0.77,0.79,0.21,0.23,404.0,351.4,344.3,194.2,4729.1,3043.9
0xsmoke0039,1770091125,0.78,0.8,0.2,0.22,87.3,277.1,158.2,235.2,1992.4,3008.1
0xsmoke0039,1770091130,0.82,0.84,0.16,0.18,250.9,195.2,357.5,161.7,2047.1,1667.4
0xsmoke0039,1770091135,0.86,0.88,0.12,0.14,93.1,134.5,444.3,218.6,3875.1,856.7
0xsmoke0039,1770091140,0.85,0.87,0.13,0.15,321.4,124.3,158.9,214.2,3305.5,1244.3
0xsmoke0039,1770091145,0.83,0.85,0.15,0.17,226.0,353.5,413.4,305.2,1951.1,4665.4
0xsmoke0039,1770091150,0.88,0.9,0.1,0.12,395.4,392.6,347.4,288.4,1440.7,3053.7
0xsmoke0039,1770091155,0.88,0.9,0.1,0.12,477.6,286.2,265.5,477.3,4348.4,1827.8
0xsmoke0039,1770091160,0.87,0.89,0.11,0.13,460.7,125.9,243.6,223.8,3009.9,3435.0
0xsmoke0039,1770091165,0.9,0.92,0.08,0.1,348.6,329.9,275.0,62.3,1685.3,2201.4
0xsmoke0039,1770091170,0.93,0.95,0.05,0.07,212.8,164.3,68.6,369.0,2163.9,2864.5
0xsmoke0039,1770091175,0.91,0.93,0.07,0.09,345.9,160.3,175.7,330.3,4232.2,1314.3
0xsmoke0039,1770091180,0.9,0.92,0.08,0.1,142.9,103.5,361.9,231.6,2350.4,4292.5
0xsmoke0039,1770091185,0.93,0.95,0.05,0.07,152.9,74.3,58.9,288.8,1955.0,3557.5
0xsmoke0039,1770091190,0.91,0.93,0.07,0.09,108.3,380.5,73.0,297.9,735.3,4703.2
0xsmoke0039,1770091195,0.94,0.96,0.04,0.06,75.3,474.3,299.8,382.8,4294.9,2538.1
0xsmoke0039,1770091200,0.97,0.99,0.01,0.03,200.3,326.2,64.1,357.7,3796.1,3611.5
0xsmoke0040,1770091205,0.45,0.47,0.53,0.55,194.8,357.0,223.6,339.4,1632.2,1692.2
0xsmoke0040,1770091210,0.49,0.51,0.49,0.51,127.4,425.3,419.1,298.5,1667.8,2045.8
0xsmoke0040,1770091215,0.49,0.51,0.49,0.51,385.6,480.3,102.9,82.4,2452.2,4872.6
0xsmoke0040,1770091220,0.47,0.49,0.51,0.53,142.2,230.3,200.8,169.6,3086.5,987.0
0xsmoke0040,1770091225,0.54,0.56,0.44,0.46,271.4,476.5,138.3,152.9,1516.7,879.5
0xsmoke0040,1770091230,0.57,0.59,0.41,0.43,193.5,178.6,314.4,123.6,4594.7,3062.0
0xsmoke0040,1770091235,0.49,0.51,0.49,0.51,107.2,417.5,233.5,198.9,4455.1,2480.4
0xsmoke0040,1770091240,0.55,0.57,0.43,0.45,230.2,315.7,159.0,276.1,1976.2,1074.0
0xsmoke0040,1770091245,0.51,0.53,0.47,0.49,420.6,454.0,178.0,393.7,2333.7,2077.9
0xsmoke0040,1770091250,0.51,0.53,0.47,0.49,198.4,209.6,103.2,420.4,2408.5,1367.7
0xsmoke0040,1770091255,0.57,0.59,0.41,0.43,264.5,387.4,122.9,274.8,3940.8,4163.4
0xsmoke0040,1770091260,0.56,0.58,0.42,0.44,214.1,366.0,202.3,347.2,1680.9,1956.8
0xsmoke0040,1770091265,0.58,0.6,0.4,0.42,339.3,182.1,89.0,168.0,1310.1,2182.7
0xsmoke0040,1770091270,0.54,0.56,0.44,0.46,463.5,427.3,410.2,457.4,1260.8,2742.7
0xsmoke0040,1770091275,0.55,0.57,0.43,0.45,473.0,324.9,110.8,206.4,1347.1,3946.9
0xsmoke0040,1770091280,0.56,0.58,0.42,0.44,228.2,50.3,465.4,445.9,4682.9,3861.0
0xsmoke0040,1770091285,0.61,0.63,0.37,0.39,172.8,106.8,424.9,416.4,1698.8,3199.6
0xsmoke0040,1770091290,0.56,0.58,0.42,0.44,116.4,487.0,442.5,128.0,3438.1,3699.7
0xsmoke0040,1770091295,0.59,0.61,0.39,0.41,275.5,356.4,62.0,484.0,3243.2,2646.9
0xsmoke0040,1770091300,0.61,0.63,0.37,0.39,173.0,327.6,136.7,365.4,885.5,2238.4
0xsmoke0040,1770091305,0.59,0.61,0.39,0.41,50.9,363.2,449.8,224.6,1583.1,3454.7
0xsmoke0040,1770091310,0.71,0.73,0.27,0.29,433.1,277.5,356.5,187.8,2870.7,3048.1
0xsmoke0040,1770091315,0.53,0.55,0.45,0.47,405.9,244.0,244.2,242.7,678.0,2168.3
0xsmoke0040,1770091320,0.58,0.6,0.4,0.42,356.0,218.2,418.7,173.3,2372.7,1803.6
0xsmoke0040,1770091325,0.54,0.56,0.44,0.46,112.8,307.9,113.4,253.8,3926.1,4533.7
0xsmoke0040,1770091330,0.52,0.54,0.46,0.48,221.7,141.5,176.0,172.2,3491.8,3955.7
0xsmoke0040,1770091335,0.53,0.55,0.45,0.47,254.5,391.1,364.1,98.8,3082.4,4706.2
0xsmoke0040,1770091340,0.51,0.53,0.47,0.49,156.6,428.4,492.8,470.4,4408.3,1043.3
0xsmoke0040,1770091345,0.6,0.62,0.38,0.4,346.3,440.8,423.8,235.9,2100.8,3649.8
0xsmoke0040,1770091350,0.63,0.65,0.35,0.37,239.2,433.8,176.3,431.8,758.5,889.9
0xsmoke0040,1770091355,0.61,0.63,0.37,0.39,355.9,150.3,482.6,319.1,854.0,1557.6
0xsmoke0040,1770091360,0.61,0.63,0.37,0.39,100.5,61.0,161.3,62.6,1407.4,2704.0
0xsmoke0040,1770091365,0.63,0.65,0.35,0.37,255.9,299.9,101.7,205.4,3427.2,2667.6
0xsmoke0040,1770091370,0.76,0.78,0.22,0.24,238.2,465.6,144.5,355.1,3961.8,4846.5
0xsmoke0040,1770091375,0.74,0.76,0.24,0.26,328.4,468.5,274.4,492.4,4575.6,1831.2
0xsmoke0040,1770091380,0.71,0.73,0.27,0.29,196.0,412.7,74.7,359.7,520.0,752.0
0xsmoke0040,1770091385,0.72,0.74,0.26,0.28,145.9,306.6,460.6,129.7,2272.9,3999.2
0xsmoke0040,1770091390,0.7,0.72,0.28,0.3,331.4,136.4,286.2,427.7,2867.4,3378.8
0xsmoke0040,1770091395,0.79,0.81,0.19,0.21,214.6,282.3,210.4,174.2,838.4,4491.6
0xsmoke0040,1770091400,0.81,0.83,0.17,0.19,370.4,142.7,318.3,384.0,3638.6,2641.3
0xsmoke0040,1770091405,0.83,0.85,0.15,0.17,118.5,384.4,104.6,275.8,527.5,779.5
0xsmoke0040,1770091410,0.77,0.79,0.21,0.23,383.7,67.1,87.7,97.8,4290.7,2652.0
0xsmoke0040,1770091415,0.77,0.79,0.21,0.23,320.8,395.6,108.9,374.3,1832.1,3365.2
0xsmoke0040,1770091420,0.81,0.83,0.17,0.19,198.0,410.5,83.9,119.4,1785.7,1446.6
0xsmoke0040,1770091425,0.83,0.85,0.15,0.17,246.7,334.5,306.9,338.8,3265.0,4652.8
0xsmoke0040,1770091430,0.81,0.83,0.17,0.19,64.3,388.0,300.6,403.9,2015.9,1434.7
0xsmoke0040,1770091435,0.84,0.86,0.14,0.16,152.2,315.2,294.8,360.7,612.0,4043.7
0xsmoke0040,1770091440,0.78,0.8,0.2,0.22,263.8,238.0,491.2,408.7,4608.4,1704.6
0xsmoke0040,1770091445,0.85,0.87,0.13,0.15,443.6,435.5,316.7,276.3,1634.8,2880.2
0xsmoke0040,1770091450,0.79,0.81,0.19,0.21,373.7,419.6,321.9,93.4,1339.9,2394.3
0xsmoke0040,1770091455,0.87,0.89,0.11,0.13,264.7,471.9,264.9,379.6,3616.0,554.2
0xsmoke0040,1770091460,0.89,0.91,0.09,0.11,307.7,492.5,417.4,157.2,1828.3,2696.2
0xsmoke0040,1770091465,0.85,0.87,0.13,0.15,214.4,305.0,71.3,242.9,825.2,571.1
0xsmoke0040,1770091470,0.87,0.89,0.11,0.13,77.3,345.7,397.3,86.9,853.7,632.2
0xsmoke0040,1770091475,0.91,0.93,0.07,0.09,264.9,117.2,490.5,326.6,4478.1,941.7
0xsmoke0040,1770091480,0.93,0.95,0.05,0.07,390.6,250.0,272.9,73.3,1462.0,1654.4
0xsmoke0040,1770091485,0.96,0.98,0.02,0.04,56.8,89.3,315.1,493.4,1657.3,2875.4
0xsmoke0040,1770091490,0.97,0.99,0.01,0.03,397.5,289.6,280.0,68.6,567.3,2497.0
0xsmoke0040,1770091495,0.96,0.98,0.02,0.04,406.8,181.7,342.0,316.5,3647.3,1724.9
0xsmoke0040,1770091500,0.97,0.99,0.01,0.03,441.6,271.9,372.4,249.7,618.9,1052.2
0xsmoke0041,1770091505,0.48,0.5,0.5,0.52,64.3,372.2,482.1,231.4,4867.8,1003.9
0xsmoke0041,1770091510,0.41,0.43,0.57,0.59,320.7,340.6,62.9,452.6,4976.4,1828.4
0xsmoke0041,1770091515,0.5,0.52,0.48,0.5,334.2,238.3,284.4,438.7,3393.6,1031.2
0xsmoke0041,1770091520,0.45,0.47,0.53,0.55,439.1,469.9,188.4,84.8,4019.6,1480.4
0xsmoke0041,1770091525,0.52,0.54,0.46,0.48,235.3,87.3,355.0,435.9,2015.3,3528.5
0xsmoke0041,1770091530,0.46,0.48,0.52,0.54,211.6,119.9,97.0,173.9,2156.1,604.3
0xsmoke0041,1770091535,0.47,0.49,0.51,0.53,339.7,179.4,245.3,172.5,956.7,4790.6
0xsmoke0041,1770091540,0.44,0.46,0.54,0.56,257.0,418.9,278.3,480.8,3257.0,4367.3
0xsmoke0041,1770091545,0.47,0.49,0.51,0.53,301.9,332.0,427.9,105.5,3717.9,3715.5
0xsmoke0041,1770091550,0.38,0.4,0.6,0.62,208.7,359.7,216.5,317.0,535.4,4194.9
0xsmoke0041,1770091555,0.4,0.42,0.58,0.6,269.7,123.1,475.1,375.9,4378.0,3909.9
0xsmoke0041,1770091560,0.44,0.46,0.54,0.56,344.8,87.5,81.9,387.4,1797.4,3717.8
0xsmoke0041,1770091565,0.46,0.48,0.52,0.54,433.8,202.6,91.0,426.9,1855.2,2285.1
0xsmoke0041,1770091570,0.41,0.43,0.57,0.59,162.9,472.6,62.9,392.5,4339.5,3302.7
0xsmoke0041,1770091575,0.39,0.41,0.59,0.61,97.2,397.0,378.5,401.3,4898.0,3221.8
0xsmoke0041,1770091580,0.44,0.46,0.54,0.56,493.3,314.8,397.9,123.8,4994.1,2733.3
0xsmoke0041,1770091585,0.4,0.42,0.58,0.6,358.5,435.2,174.7,388.6,4244.9,2282.6
0xsmoke0041,1770091590,0.4,0.42,0.58,0.6,447.0,200.5,412.7,450.6,2138.2,1921.7
0xsmoke0041,1770091595,0.37,0.39,0.61,0.63,140.7,437.6,175.7,171.4,3429.7,1775.4
0xsmoke0041,1770091600,0.38,0.4,0.6,0.62,469.0,495.4,393.4,403.2,2181.2,2073.0
0xsmoke0041,1770091605,0.35,0.37,0.63,0.65,286.8,144.4,196.5,377.4,2243.3,4144.5
0xsmoke0041,1770091610,0.4,0.42,0.58,0.6,50.9,114.4,98.2,134.8,4899.3,3435.1
0xsmoke0041,1770091615,0.41,0.43,0.57,0.59,114.1,414.5,337.5,168.1,2656.9,4314.6
0xsmoke0041,1770091620,0.45,0.47,0.53,0.55,478.0,313.5,288.4,238.8,535.5,1827.5
0xsmoke0041,1770091625,0.45,0.47,0.53,0.55,212.1,345.7,491.5,406.8,1926.5,1566.8
0xsmoke0041,1770091630,0.43,0.45,0.55,0.57,145.1,371.3,337.2,303.4,1900.2,4883.9
0xsmoke0041,1770091635,0.43,0.45,0.55,0.57,235.4,124.2,233.7,70.2,1336.0,1570.1
0xsmoke0041,1770091640,0.44,0.46,0.54,0.56,291.3,115.3,90.6,81.3,4480.0,857.3
0xsmoke0041,1770091645,0.44,0.46,0.54,0.56,468.2,279.8,448.6,60.2,3892.5,2887.6
0xsmoke0041,1770091650,0.33,0.35,0.65,0.67,188.9,359.1,131.1,464.2,1232.0,2269.1
0xsmoke0041,1770091655,0.28,0.3,0.7,0.72,440.4,404.7,418.5,233.3,2192.7,2958.2
0xsmoke0041,1770091660,0.28,0.3,0.7,0.72,291.3,299.1,194.0,115.4,905.1,2111.2
0xsmoke0041,1770091665,0.27,0.29,0.71,0.73,493.0,138.3,59.1,184.9,2610.5,3105.8
0xsmoke0041,1770091670,0.17,0.19,0.81,0.83,461.2,146.7,168.4,165.8,4854.0,2651.8
0xsmoke0041,1770091675,0.3,0.32,0.68,0.7,72.8,223.6,411.9,427.5,4780.7,1394.7
0xsmoke0041,1770091680,0.27,0.29,0.71,0.73,130.1,81.3,439.0,179.2,4262.5,1801.8
0xsmoke0041,1770091685,0.21,0.23,0.77,0.79,172.2,325.5,487.6,336.6,4114.8,2806.7
0xsmoke0041,1770091690,0.19,0.21,0.79,0.81,436.1,494.8,429.9,364.1,4243.0,4522.5
0xsmoke0041,1770091695,0.25,0.27,0.73,0.75,85.4,247.1,485.5,361.4,2296.1,4492.0
0xsmoke0041,1770091700,0.15,0.17,0.83,0.85,226.6,291.6,354.5,306.8,2000.1,3031.4
0xsmoke0041,1770091705,0.12,0.14,0.86,0.88,351.4,301.0,98.4,333.8,4729.5,3302.5
0xsmoke0041,1770091710,0.17,0.19,0.81,0.83,298.6,123.5,238.0,124.3,4630.2,3980.5
0xsmoke0041,1770091715,0.17,0.19,0.81,0.83,183.9,96.5,369.5,158.7,4589.2,4450.0
0xsmoke0041,1770091720,0.17,0.19,0.81,0.83,498.6,486.0,85.5,279.9,1810.7,3331.1
0xsmoke0041,1770091725,0.13,0.15,0.85,0.87,169.1,81.7,214.9,139.3,3692.3,1827.9
0xsmoke0041,1770091730,0.05,0.07,0.93,0.95,99.7,171.3,395.5,424.1,2985.1,3093.6
0xsmoke0041,1770091735,0.12,0.14,0.86,0.88,316.2,313.1,149.3,376.0,1066.2,2895.4
0xsmoke0041,1770091740,0.11,0.13,0.87,0.89,430.8,231.1,483.4,252.4,3986.7,2762.2
0xsmoke0041,1770091745,0.12,0.14,0.86,0.88,193.1,314.2,406.9,78.8,2789.5,3983.2
0xsmoke0041,1770091750,0.07,0.09,0.91,0.93,205.5,179.3,383.4,179.2,4586.6,4241.6
0xsmoke0041,1770091755,0.12,0.14,0.86,0.88,490.0,193.5,55.6,356.3,4159.2,4736.5
0xsmoke0041,1770091760,0.12,0.14,0.86,0.88,65.6,315.8,229.1,153.8,3508.4,2856.2
0xsmoke0041,1770091765,0.06,0.08,0.92,0.94,465.1,436.9,129.6,78.8,3409.9,545.6
0xsmoke0041,1770091770,0.03,0.05,0.95,0.97,462.8,225.7,379.4,346.3,1003.5,3849.7
0xsmoke0041,1770091775,0.07,0.09,0.91,0.93,56.5,480.7,96.4,263.8,2666.5,2617.1
0xsmoke0041,1770091780,0.01,0.03,0.97,0.99,128.2,413.5,445.5,115.0,511.6,1663.2
0xsmoke0041,1770091785,0.04,0.06,0.94,0.96,80.5,422.7,61.7,169.5,847.2,1136.8
0xsmoke0041,1770091790,0.03,0.05,0.95,0.97,458.8,442.1,101.0,424.5,4407.7,1620.2
0xsmoke0041,1770091795,0.05,0.07,0.93,0.95,214.4,400.6,496.2,292.9,2323.3,2128.0
0xsmoke0041,1770091800,0.07,0.09,0.91,0.93,159.8,367.3,312.0,206.8,3672.6,4014.0
0xsmoke0042,1770091805,0.5,0.52,0.48,0.5,225.4,330.7,385.7,79.7,977.5,4000.7
0xsmoke0042,1770091810,0.48,0.5,0.5,0.52,144.8,225.1,356.7,278.9,4016.1,1428.3
0xsmoke0042,1770091815,0.5,0.52,0.48,0.5,198.0,426.7,198.6,377.1,2462.2,1313.5
0xsmoke0042,1770091820,0.48,0.5,0.5,0.52,121.9,103.0,436.5,453.4,2066.3,2142.1
0xsmoke0042,1770091825,0.51,0.53,0.47,0.49,328.1,313.4,169.9,405.3,1858.1,4423.4
0xsmoke0042,1770091830,0.5,0.52,0.48,0.5,172.3,322.3,367.3,152.8,4842.1,2508.6
0xsmoke0042,1770091835,0.45,0.47,0.53,0.55,207.8,228.7,89.7,472.1,4449.2,3961.2
0xsmoke0042,1770091840,0.42,0.44,0.56,0.58,61.0,481.7,400.8,288.7,2758.3,3334.0
0xsmoke0042,1770091845,0.42,0.44,0.56,0.58,296.9,209.0,85.2,229.1,926.7,2213.2
0xsmoke0042,1770091850,0.41,0.43,0.57,0.59,410.1,278.8,361.3,242.7,3023.5,4493.7
0xsmoke0042,1770091855,0.39,0.41,0.59,0.61,176.0,395.3,221.7,253.7,2303.9,1230.0
0xsmoke0042,1770091860,0.39,0.41,0.59,0.61,444.6,308.6,120.8,493.4,4000.9,3935.1
0xsmoke0042,1770091865,0.44,0.46,0.54,0.56,320.1,115.4,131.2,349.0,3505.7,2283.5
0xsmoke0042,1770091870,0.4,0.42,0.58,0.6,151.5,121.1,77.1,470.0,2880.5,3096.6
0xsmoke0042,1770091875,0.4,0.42,0.58,0.6,103.6,446.1,489.7,157.3,1557.3,4332.3
0xsmoke0042,1770091880,0.4,0.42,0.58,0.6,137.2,487.2,427.0,217.6,3332.0,3778.3
0xsmoke0042,1770091885,0.36,0.38,0.62,0.64,313.5,220.4,429.9,152.5,2527.0,754.3
0xsmoke0042,1770091890,0.44,0.46,0.54,0.56,76.8,203.6,391.8,294.8,2044.2,2698.5
0xsmoke0042,1770091895,0.44,0.46,0.54,0.56,163.6,463.4,113.6,403.5,3828.3,3361.2
0xsmoke0042,1770091900,0.37,0.39,0.61,0.63,110.2,211.6,204.4,150.2,1554.7,1875.4
0xsmoke0042,1770091905,0.36,0.38,0.62,0.64,222.1,406.2,387.1,383.8,2707.5,2786.8
0xsmoke0042,1770091910,0.41,0.43,0.57,0.59,448.0,218.7,370.8,441.1,3071.8,2138.9
0xsmoke0042,1770091915,0.3,0.32,0.68,0.7,390.0,180.3,365.5,148.4,4496.7,2630.8
0xsmoke0042,1770091920,0.45,0.47,0.53,0.55,411.6,205.1,93.4,429.7,880.2,1429.9
0xsmoke0042,1770091925,0.42,0.44,0.56,0.58,232.7,488.3,82.6,494.0,1744.4,2381.3
0xsmoke0042,1770091930,0.41,0.43,0.57,0.59,433.7,108.3,361.0,253.1,876.8,4991.3
0xsmoke0042,1770091935,0.45,0.47,0.53,0.55,363.0,386.2,158.8,177.9,2261.3,4475.1
0xsmoke0042,1770091940,0.41,0.43,0.57,0.59,344.3,205.5,190.9,210.4,2240.3,2588.5
0xsmoke0042,1770091945,0.38,0.4,0.6,0.62,203.1,388.7,445.3,443.5,1190.6,3111.2
0xsmoke0042,1770091950,0.38,0.4,0.6,0.62,445.3,279.4,56.2,415.7,3524.3,1026.7
0xsmoke0042,1770091955,0.4,0.42,0.58,0.6,77.5,452.7,499.3,249.6,3200.3,2261.0
0xsmoke0042,1770091960,0.33,0.35,0.65,0.67,422.9,405.8,235.9,425.4,1945.8,4038.0
0xsmoke0042,1770091965,0.26,0.28,0.72,0.74,424.8,169.3,282.0,131.4,813.9,2355.4
0xsmoke0042,1770091970,0.22,0.24,0.76,0.78,113.3,220.0,393.6,215.2,677.4,2412.8
0xsmoke0042,1770091975,0.29,0.31,0.69,0.71,162.1,202.2,263.9,281.8,3234.3,4750.0
0xsmoke0042,1770091980,0.3,0.32,0.68,0.7,357.9,215.8,56.9,247.5,1739.5,3293.0
0xsmoke0042,1770091985,0.3,0.32,0.68,0.7,321.8,168.6,125.6,74.9,2660.6,1061.2
0xsmoke0042,1770091990,0.2,0.22,0.78,0.8,172.6,120.8,55.8,105.4,3781.5,2395.6
0xsmoke0042,1770091995,0.2,0.22,0.78,0.8,362.4,321.8,305.7,431.2,861.1,1915.1
0xsmoke0042,1770092000,0.22,0.24,0.76,0.78,252.3,440.1,284.7,434.1,3259.2,705.2
0xsmoke0042,1770092005,0.25,0.27,0.73,0.75,351.3,479.6,120.8,466.6,3612.1,1122.1
0xsmoke0042,1770092010,0.17,0.19,0.81,0.83,431.1,437.6,359.9,477.5,4018.0,4680.9
0xsmoke0042,1770092015,0.17,0.19,0.81,0.83,247.9,196.0,147.4,186.8,1148.7,4762.3
0xsmoke0042,1770092020,0.09,0.11,0.89,0.91,479.6,112.5,332.0,251.0,4602.3,582.9
0xsmoke0042,1770092025,0.21,0.23,0.77,0.79,285.9,74.6,263.2,180.1,1819.3,686.5
0xsmoke0042,1770092030,0.13,0.15,0.85,0.87,137.8,459.9,112.4,444.9,4830.9,2680.7
0xsmoke0042,1770092035,0.17,0.19,0.81,0.83,166.3,112.9,381.8,305.8,4334.9,2983.3
0xsmoke0042,1770092040,0.1,0.12,0.88,0.9,239.8,233.2,395.2,497.1,1969.7,1614.9
0xsmoke0042,1770092045,0.1,0.12,0.88,0.9,179.6,120.4,303.6,182.9,981.5,3292.2
0xsmoke0042,1770092050,0.11,0.13,0.87,0.89,97.1,188.7,237.8,115.8,3627.2,721.5
0xsmoke0042,1770092055,0.11,0.13,0.87,0.89,191.4,462.3,105.4,84.5,1966.6,4812.2
0xsmoke0042,1770092060,0.14,0.16,0.84,0.86,443.1,69.1,405.0,370.5,4893.6,1331.6
0xsmoke0042,1770092065,0.15,0.17,0.83,0.85,488.9,470.5,281.4,455.5,4200.0,3101.5
0xsmoke0042,1770092070,0.13,0.15,0.85,0.87,61.4,353.6,386.2,314.5,3911.4,2663.6
0xsmoke0042,1770092075,0.01,0.03,0.97,0.99,477.4,86.3,171.5,142.5,3242.4,2584.8
0xsmoke0042,1770092080,0.09,0.11,0.89,0.91,260.2,325.1,98.0,216.7,2964.7,3234.9
0xsmoke0042,1770092085,0.09,0.11,0.89,0.91,73.3,365.0,275.6,483.8,2045.9,3560.8
0xsmoke0042,1770092090,0.06,0.08,0.92,0.94,358.7,80.2,326.3,335.7,3709.0,2753.4
0xsmoke0042,1770092095,0.01,0.03,0.97,0.99,103.4,163.5,412.9,480.3,2005.5,2921.7
0xsmoke0042,1770092100,0.03,0.05,0.95,0.97,177.0,406.8,425.6,327.8,4412.1,521.4
0xsmoke0043,1770092105,0.47,0.49,0.51,0.53,96.4,60.0,102.1,163.8,2932.6,763.5
0xsmoke0043,1770092110,0.47,0.49,0.51,0.53,246.6,492.3,370.1,165.6,1411.9,4176.6
0xsmoke0043,1770092115,0.53,0.55,0.45,0.47,92.5,171.2,105.9,316.8,4511.1,2155.6
0xsmoke0043,1770092120,0.49,0.51,0.49,0.51,472.2,423.7,65.4,176.4,2223.4,4931.5
0xsmoke0043,1770092125,0.46,0.48,0.52,0.54,498.0,329.8,229.9,232.5,3489.7,1900.8
0xsmoke0043,1770092130,0.48,0.5,0.5,0.52,406.3,195.7,414.6,202.8,3571.2,503.2
0xsmoke0043,1770092135,0.47,0.49,0.51,0.53,248.6,402.4,324.1,344.9,1278.7,4368.5
0xsmoke0043,1770092140,0.48,0.5,0.5,0.52,283.1,345.8,171.6,173.5,2979.1,2486.7
0xsmoke0043,1770092145,0.45,0.47,0.53,0.55,444.2,372.1,136.7,469.6,3074.0,2613.8
0xsmoke0043,1770092150,0.48,0.5,0.5,0.52,96.5,91.1,489.5,104.7,2518.9,4893.7
0xsmoke0043,1770092155,0.43,0.45,0.55,0.57,467.2,123.3,448.1,50.6,2775.7,4708.1
0xsmoke0043,1770092160,0.42,0.44,0.56,0.58,356.6,264.4,398.7,372.1,1222.6,3727.3
0xsmoke0043,1770092165,0.4,0.42,0.58,0.6,353.8,156.2,226.0,145.3,2179.5,2330.4
0xsmoke0043,1770092170,0.44,0.46,0.54,0.56,386.4,129.3,413.6,365.3,1996.4,3125.0
0xsmoke0043,1770092175,0.38,0.4,0.6,0.62,124.6,169.2,398.7,133.0,1741.6,2816.6
0xsmoke0043,1770092180,0.4,0.42,0.58,0.6,143.8,285.7,499.2,278.2,4382.4,4276.0
0xsmoke0043,1770092185,0.41,0.43,0.57,0.59,273.5,246.8,417.5,365.5,3336.0,4534.0
0xsmoke0043,1770092190,0.35,0.37,0.63,0.65,103.4,268.4,344.8,349.9,4370.6,1292.1
0xsmoke0043,1770092195,0.34,0.36,0.64,0.66,207.1,362.1,185.2,376.5,2954.0,1800.6
0xsmoke0043,1770092200,0.36,0.38,0.62,0.64,258.6,430.4,411.3,154.0,1477.3,4305.8
0xsmoke0043,1770092205,0.44,0.46,0.54,0.56,438.4,217.6,107.3,295.6,4787.4,3139.4
0xsmoke0043,1770092210,0.41,0.43,0.57,0.59,63.4,234.7,129.4,86.6,1486.4,1795.8
0xsmoke0043,1770092215,0.39,0.41,0.59,0.61,325.7,293.6,210.8,118.6,2729.8,4543.6
0xsmoke0043,1770092220,0.43,0.45,0.55,0.57,461.6,451.0,308.1,283.3,1496.0,3852.4
0xsmoke0043,1770092225,0.47,0.49,0.51,0.53,230.9,77.5,131.2,359.3,2820.2,3994.0
0xsmoke0043,1770092230,0.39,0.41,0.59,0.61,354.5,445.8,63.8,489.5,772.3,3775.9
0xsmoke0043,1770092235,0.43,0.45,0.55,0.57,189.7,208.0,66.1,391.1,598.2,4824.4
0xsmoke0043,1770092240,0.38,0.4,0.6,0.62,426.1,107.2,329.5,415.4,2321.3,2406.9
0xsmoke0043,1770092245,0.39,0.41,0.59,0.61,59.4,218.9,429.6,410.3,4668.6,4401.4
0xsmoke0043,1770092250,0.39,0.41,0.59,0.61,466.4,161.8,297.8,309.2,3517.6,3294.2
0xsmoke0043,1770092255,0.28,0.3,0.7,0.72,441.0,116.9,384.7,51.8,4527.0,4452.7
0xsmoke0043,1770092260,0.31,0.33,0.67,0.69,298.7,267.6,469.5,181.1,844.1,2286.8
0xsmoke0043,1770092265,0.25,0.27,0.73,0.75,168.0,399.3,222.7,113.3,1333.2,4413.8
0xsmoke0043,1770092270,0.24,0.26,0.74,0.76,140.7,264.8,99.3,265.9,1575.1,2225.4
0xsmoke0043,1770092275,0.24,0.26,0.74,0.76,267.8,382.2,196.3,136.6,2062.4,1453.7
0xsmoke0043,1770092280,0.25,0.27,0.73,0.75,353.0,169.3,366.5,280.6,4074.7,3926.7
0xsmoke0043,1770092285,0.26,0.28,0.72,0.74,358.8,78.7,204.5,228.6,4427.0,4401.1
0xsmoke0043,1770092290,0.19,0.21,0.79,0.81,454.1,236.3,353.0,350.9,2439.1,3029.2
0xsmoke0043,1770092295,0.18,0.2,0.8,0.82,357.3,421.9,294.2,445.0,2760.5,741.3
0xsmoke0043,1770092300,0.31,0.33,0.67,0.69,195.8,381.9,177.8,339.9,1366.2,3418.0
0xsmoke0043,1770092305,0.25,0.27,0.73,0.75,361.4,64.7,252.8,385.5,2511.0,1814.9
0xsmoke0043,1770092310,0.19,0.21,0.79,0.81,354.8,249.3,428.8,355.7,4977.1,3460.7
0xsmoke0043,1770092315,0.24,0.26,0.74,0.76,381.8,252.6,54.0,381.2,2429.3,4385.8
0xsmoke0043,1770092320,0.17,0.19,0.81,0.83,424.9,296.6,334.4,338.6,2508.1,2308.5
0xsmoke0043,1770092325,0.12,0.14,0.86,0.88,50.5,440.5,109.0,100.5,3965.5,567.0
0xsmoke0043,1770092330,0.17,0.19,0.81,0.83,158.5,436.3,304.2,153.3,3126.9,3797.7
0xsmoke0043,1770092335,0.17,0.19,0.81,0.83,58.7,466.2,421.4,154.7,3209.0,2858.5
0xsmoke0043,1770092340,0.15,0.17,0.83,0.85,159.9,465.4,367.8,305.0,4764.9,2167.5
0xsmoke0043,1770092345,0.15,0.17,0.83,0.85,334.8,327.5,200.8,317.7,2426.7,3771.0
0xsmoke0043,1770092350,0.07,0.09,0.91,0.93,252.6,315.2,133.5,295.8,4454.5,3628.8
0xsmoke0043,1770092355,0.11,0.13,0.87,0.89,108.2,308.6,235.4,219.1,3726.6,4886.7
0xsmoke0043,1770092360,0.1,0.12,0.88,0.9,133.6,355.5,252.9,432.9,3895.5,2103.2
0xsmoke0043,1770092365,0.07,0.09,0.91,0.93,290.3,368.1,77.6,175.0,4350.8,596.4
0xsmoke0043,1770092370,0.06,0.08,0.92,0.94,466.6,429.2,118.6,107.2,2191.4,770.6
0xsmoke0043,1770092375,0.13,0.15,0.85,0.87,346.3,356.9,421.5,193.9,567.0,1305.7
0xsmoke0043,1770092380,0.02,0.04,0.96,0.98,116.7,97.8,359.2,324.1,4625.1,4151.6
0xsmoke0043,1770092385,0.05,0.07,0.93,0.95,455.9,55.6,477.5,168.6,920.2,4562.0
0xsmoke0043,1770092390,0.03,0.05,0.95,0.97,114.9,304.8,422.0,196.0,4354.0,4858.0
0xsmoke0043,1770092395,0.02,0.04,0.96,0.98,153.9,184.4,125.9,248.7,2287.1,1810.5
0xsmoke0043,1770092400,0.01,0.03,0.97,0.99,167.9,436.2,462.2,245.7,1022.9,1819.1
0xsmoke0044,1770092405,0.51,0.53,0.47,0.49,490.8,390.3,79.6,206.7,801.9,3027.5
0xsmoke0044,1770092410,0.48,0.5,0.5,0.52,251.0,178.3,90.3,402.3,2048.3,815.7
0xsmoke0044,1770092415,0.43,0.45,0.55,0.57,72.3,443.5,127.5,472.4,4871.5,1050.2
0xsmoke0044,1770092420,0.46,0.48,0.52,0.54,146.8,370.6,484.9,258.5,1467.3,3468.9
0xsmoke0044,1770092425,0.4,0.42,0.58,0.6,159.7,292.5,278.6,234.8,2177.9,4650.0
0xsmoke0044,1770092430,0.44,0.46,0.54,0.56,234.8,303.5,332.0,441.2,2526.0,4164.5
0xsmoke0044,1770092435,0.47,0.49,0.51,0.53,378.3,366.0,55.5,339.8,831.4,4591.4
0xsmoke0044,1770092440,0.49,0.51,0.49,0.51,117.6,379.5,172.8,81.1,3027.8,4099.3
0xsmoke0044,1770092445,0.49,0.51,0.49,0.51,411.4,369.7,223.4,147.9,2025.3,4245.5
0xsmoke0044,1770092450,0.43,0.45,0.55,0.57,84.8,463.4,54.6,299.8,4530.7,2845.3
0xsmoke0044,1770092455,0.5,0.52,0.48,0.5,63.5,382.2,327.9,334.9,1739.7,3243.4
0xsmoke0044,1770092460,0.43,0.45,0.55,0.57,430.0,84.7,448.7,370.5,2953.9,3813.1
0xsmoke0044,1770092465,0.46,0.48,0.52,0.54,298.0,436.8,443.2,413.8,1497.0,2240.4
0xsmoke0044,1770092470,0.39,0.41,0.59,0.61,304.8,126.5,412.9,129.0,4836.2,3470.3
0xsmoke0044,1770092475,0.46,0.48,0.52,0.54,190.8,447.2,187.8,84.3,3894.2,4693.8
0xsmoke0044,1770092480,0.42,0.44,0.56,0.58,110.2,300.1,350.3,191.3,3787.8,2196.0
0xsmoke0044,1770092485,0.44,0.46,0.54,0.56,303.0,243.2,275.5,236.4,2681.7,3644.2
0xsmoke0044,1770092490,0.45,0.47,0.53,0.55,60.6,356.1,252.5,438.6,601.2,3948.5
0xsmoke0044,1770092495,0.41,0.43,0.57,0.59,416.8,195.2,105.2,341.0,1452.9,4091.9
0xsmoke0044,1770092500,0.36,0.38,0.62,0.64,433.1,353.4,253.7,321.1,750.2,951.8
0xsmoke0044,1770092505,0.38,0.4,0.6,0.62,281.4,453.7,54.0,168.0,907.1,4189.5
0xsmoke0044,1770092510,0.38,0.4,0.6,0.62,299.0,148.7,421.8,199.2,3280.8,4075.8
0xsmoke0044,1770092515,0.43,0.45,0.55,0.57,146.3,81.3,463.4,66.3,4189.4,4713.4
0xsmoke0044,1770092520,0.42,0.44,0.56,0.58,110.7,359.5,138.5,246.9,1988.7,3774.8
0xsmoke0044,1770092525,0.47,0.49,0.51,0.53,328.3,278.8,383.1,131.3,1412.4,1277.2
0xsmoke0044,1770092530,0.47,0.49,0.51,0.53,254.0,114.4,467.0,81.8,4696.6,4070.8
0xsmoke0044,1770092535,0.41,0.43,0.57,0.59,286.8,408.7,197.5,416.2,2444.8,4114.4
0xsmoke0044,1770092540,0.42,0.44,0.56,0.58,489.4,326.9,339.5,155.2,4992.4,787.8
0xsmoke0044,1770092545,0.38,0.4,0.6,0.62,210.0,491.6,167.5,81.0,1943.5,3940.8
0xsmoke0044,1770092550,0.36,0.38,0.62,0.64,85.0,237.3,242.9,127.9,1167.9,1944.4
0xsmoke0044,1770092555,0.33,0.35,0.65,0.67,322.6,344.3,326.0,240.2,1284.4,1004.9
0xsmoke0044,1770092560,0.3,0.32,0.68,0.7,380.5,136.0,263.1,160.5,1691.2,3851.4
0xsmoke0044,1770092565,0.31,0.33,0.67,0.69,291.7,331.2,335.7,409.1,506.3,1709.5
0xsmoke0044,1770092570,0.28,0.3,0.7,0.72,499.7,365.0,420.9,133.1,668.6,4721.9
0xsmoke0044,1770092575,0.22,0.24,0.76,0.78,174.5,335.9,282.2,429.8,1584.9,1292.0
0xsmoke0044,1770092580,0.22,0.24,0.76,0.78,406.2,344.1,355.0,170.1,1392.0,3779.0
0xsmoke0044,1770092585,0.25,0.27,0.73,0.75,179.7,191.6,407.0,411.6,1273.0,1677.6
0xsmoke0044,1770092590,0.23,0.25,0.75,0.77,368.0,221.5,410.0,360.8,2462.8,2734.7
0xsmoke0044,1770092595,0.17,0.19,0.81,0.83,232.7,100.9,282.2,82.9,541.7,4832.4
0xsmoke0044,1770092600,0.21,0.23,0.77,0.79,193.8,447.4,87.3,309.3,2748.0,3140.3
0xsmoke0044,1770092605,0.19,0.21,0.79,0.81,273.5,455.8,338.8,120.2,3105.2,734.5
0xsmoke0044,1770092610,0.19,0.21,0.79,0.81,456.4,75.3,204.3,80.8,4521.2,754.2
0xsmoke0044,1770092615,0.16,0.18,0.82,0.84,257.9,446.8,71.5,57.0,4211.8,1325.4
0xsmoke0044,1770092620,0.2,0.22,0.78,0.8,459.7,193.1,145.7,421.8,4110.6,4972.6
0xsmoke0044,1770092625,0.15,0.17,0.83,0.85,319.9,143.6,388.8,299.5,2398.6,3134.8
0xsmoke0044,1770092630,0.18,0.2,0.8,0.82,470.1,217.7,468.5,400.9,3418.1,1770.0
0xsmoke0044,1770092635,0.17,0.19,0.81,0.83,215.2,463.2,212.4,436.5,712.1,4133.3
0xsmoke0044,1770092640,0.14,0.16,0.84,0.86,320.2,329.3,492.0,329.2,4763.6,3682.4
0xsmoke0044,1770092645,0.09,0.11,0.89,0.91,464.2,390.3,364.5,463.2,1355.3,1313.0
0xsmoke0044,1770092650,0.15,0.17,0.83,0.85,207.3,120.2,171.9,68.1,4246.9,1049.0
0xsmoke0044,1770092655,0.1,0.12,0.88,0.9,299.4,168.8,117.9,283.7,2372.4,2240.1
0xsmoke0044,1770092660,0.08,0.1,0.9,0.92,124.5,270.3,463.8,212.5,3806.8,2188.6
0xsmoke0044,1770092665,0.11,0.13,0.87,0.89,226.0,82.2,178.9,189.2,4230.8,4332.7
0xsmoke0044,1770092670,0.08,0.1,0.9,0.92,273.4,82.3,360.0,276.3,4135.1,2666.8
0xsmoke0044,1770092675,0.1,0.12,0.88,0.9,283.8,105.9,450.9,72.6,2457.5,1117.2
0xsmoke0044,1770092680,0.08,0.1,0.9,0.92,72.7,490.5,343.3,426.3,2209.5,2048.0
0xsmoke0044,1770092685,0.07,0.09,0.91,0.93,61.0,362.5,292.8,327.4,1888.1,746.5
0xsmoke0044,1770092690,0.02,0.04,0.96,0.98,425.5,230.6,233.1,166.9,1520.5,3850.7
0xsmoke0044,1770092695,0.04,0.06,0.94,0.96,493.5,325.1,129.6,167.9,3537.4,2102.3
0xsmoke0044,1770092700,0.01,0.03,0.97,0.99,345.2,402.2,320.8,273.8,2772.6,1688.4
0xsmoke0045,1770092705,0.51,0.53,0.47,0.49,425.6,355.6,308.7,405.5,911.9,3195.8
0xsmoke0045,1770092710,0.51,0.53,0.47,0.49,307.4,444.1,106.5,477.9,1811.7,3655.2
0xsmoke0045,1770092715,0.46,0.48,0.52,0.54,301.1,178.3,491.3,166.4,3726.3,3155.0
0xsmoke0045,1770092720,0.48,0.5,0.5,0.52,400.4,466.2,478.9,401.3,4204.0,632.6
0xsmoke0045,1770092725,0.5,0.52,0.48,0.5,302.9,263.8,470.9,462.3,2665.7,4640.5
0xsmoke0045,1770092730,0.4,0.42,0.58,0.6,407.1,110.0,495.3,253.6,4882.7,1653.0
0xsmoke0045,1770092735,0.45,0.47,0.53,0.55,176.3,181.9,89.7,404.7,2797.5,2815.4
0xsmoke0045,1770092740,0.46,0.48,0.52,0.54,266.6,257.2,57.2,184.8,1268.9,1841.5
0xsmoke0045,1770092745,0.46,0.48,0.52,0.54,493.7,218.5,451.3,383.1,4937.9,4175.8
0xsmoke0045,1770092750,0.48,0.5,0.5,0.52,116.1,402.8,207.6,226.6,997.4,1144.5
0xsmoke0045,1770092755,0.41,0.43,0.57,0.59,148.7,340.7,210.0,335.5,3319.5,1471.1
0xsmoke0045,1770092760,0.44,0.46,0.54,0.56,370.7,304.4,328.6,341.7,2094.9,3245.9
0xsmoke0045,1770092765,0.41,0.43,0.57,0.59,494.5,365.1,395.2,385.7,4327.9,2580.8
0xsmoke0045,1770092770,0.42,0.44,0.56,0.58,64.3,281.9,119.5,258.9,777.9,3992.4
0xsmoke0045,1770092775,0.36,0.38,0.62,0.64,187.6,410.5,229.2,261.4,3483.6,651.0
0xsmoke0045,1770092780,0.42,0.44,0.56,0.58,497.8,358.4,108.6,477.4,4685.7,3447.7
0xsmoke0045,1770092785,0.41,0.43,0.57,0.59,237.3,223.6,130.3,321.9,1794.1,3518.7
0xsmoke0045,1770092790,0.42,0.44,0.56,0.58,460.1,173.6,56.5,431.5,1502.3,696.4
0xsmoke0045,1770092795,0.44,0.46,0.54,0.56,195.5,366.0,99.1,414.1,4288.4,1748.9
0xsmoke0045,1770092800,0.44,0.46,0.54,0.56,111.0,313.9,235.6,451.0,2162.3,2782.2
0xsmoke0045,1770092805,0.39,0.41,0.59,0.61,170.4,76.5,317.7,181.2,4591.9,3442.1
0xsmoke0045,1770092810,0.39,0.41,0.59,0.61,439.8,135.0,450.8,417.2,1332.7,1486.5
0xsmoke0045,1770092815,0.36,0.38,0.62,0.64,250.7,102.5,416.2,174.6,1518.9,4615.9
0xsmoke0045,1770092820,0.44,0.46,0.54,0.56,200.8,300.8,292.4,185.0,3281.1,1468.5
0xsmoke0045,1770092825,0.45,0.47,0.53,0.55,190.5,151.7,204.4,168.2,4087.7,3915.4
0xsmoke0045,1770092830,0.39,0.41,0.59,0.61,454.0,419.3,92.8,272.6,2861.4,2778.5
0xsmoke0045,1770092835,0.45,0.47,0.53,0.55,463.3,243.6,378.5,297.5,4666.6,1839.8
0xsmoke0045,1770092840,0.41,0.43,0.57,0.59,193.2,467.6,187.4,68.9,2686.7,3671.3
0xsmoke0045,1770092845,0.39,0.41,0.59,0.61,386.6,384.6,151.3,231.9,4952.3,2827.9
0xsmoke0045,1770092850,0.36,0.38,0.62,0.64,229.3,150.6,446.3,254.7,564.7,3656.0
0xsmoke0045,1770092855,0.31,0.33,0.67,0.69,421.2,482.8,360.5,108.7,936.1,4348.8
0xsmoke0045,1770092860,0.26,0.28,0.72,0.74,418.1,295.4,315.9,82.6,2414.1,3038.1
0xsmoke0045,1770092865,0.27,0.29,0.71,0.73,85.7,447.6,118.2,281.0,3522.1,2712.1
0xsmoke0045,1770092870,0.26,0.28,0.72,0.74,155.7,452.9,438.3,295.2,2377.5,4370.8
0xsmoke0045,1770092875,0.16,0.18,0.82,0.84,482.9,117.1,94.3,127.4,4280.5,2452.4
0xsmoke0045,1770092880,0.32,0.34,0.66,0.68,350.9,141.9,248.3,322.7,620.2,2461.2
0xsmoke0045,1770092885,0.21,0.23,0.77,0.79,238.3,139.0,78.7,476.7,4083.4,2990.9
0xsmoke0045,1770092890,0.27,0.29,0.71,0.73,60.2,499.8,202.0,250.3,793.1,1945.3
0xsmoke0045,1770092895,0.28,0.3,0.7,0.72,201.9,238.1,321.7,108.5,4411.0,4752.4
0xsmoke0045,1770092900,0.22,0.24,0.76,0.78,117.2,403.5,200.2,172.1,1695.1,1341.3
0xsmoke0045,1770092905,0.21,0.23,0.77,0.79,350.4,147.1,499.5,198.7,3928.8,3799.1
0xsmoke0045,1770092910,0.17,0.19,0.81,0.83,352.8,176.9,378.4,141.4,1077.2,2204.6
0xsmoke0045,1770092915,0.2,0.22,0.78,0.8,371.2,175.6,64.8,298.2,3874.4,672.4
0xsmoke0045,1770092920,0.17,0.19,0.81,0.83,255.7,137.7,223.0,130.5,3663.1,4004.1
0xsmoke0045,1770092925,0.21,0.23,0.77,0.79,63.7,111.5,444.6,361.7,3597.8,579.7
0xsmoke0045,1770092930,0.18,0.2,0.8,0.82,192.6,74.5,99.2,114.9,3416.9,2362.5
0xsmoke0045,1770092935,0.17,0.19,0.81,0.83,125.2,174.4,414.0,215.6,535.3,4987.6
0xsmoke0045,1770092940,0.19,0.21,0.79,0.81,217.6,341.7,91.5,307.2,736.0,1560.0
0xsmoke0045,1770092945,0.15,0.17,0.83,0.85,109.3,287.1,318.6,150.4,4826.0,2771.8
0xsmoke0045,1770092950,0.09,0.11,0.89,0.91,395.5,263.9,128.4,210.3,3011.9,2734.2
0xsmoke0045,1770092955,0.08,0.1,0.9,0.92,52.1,94.8,237.3,489.2,1274.7,1575.5
0xsmoke0045,1770092960,0.07,0.09,0.91,0.93,189.0,446.1,390.3,361.2,1127.8,2161.1
0xsmoke0045,1770092965,0.12,0.14,0.86,0.88,302.5,114.9,432.7,463.4,3936.4,3178.1
0xsmoke0045,1770092970,0.06,0.08,0.92,0.94,208.7,249.7,307.3,292.7,1148.5,3189.8
0xsmoke0045,1770092975,0.04,0.06,0.94,0.96,145.5,82.8,226.2,225.9,4668.2,1699.2
0xsmoke0045,1770092980,0.07,0.09,0.91,0.93,420.5,109.4,458.9,308.8,4382.4,4053.0
0xsmoke0045,1770092985,0.02,0.04,0.96,0.98,431.1,197.3,194.7,318.9,2191.8,1446.9
0xsmoke0045,1770092990,0.02,0.04,0.96,0.98,415.6,87.2,368.1,463.6,4154.3,1159.0
0xsmoke0045,1770092995,0.08,0.1,0.9,0.92,250.3,452.8,460.4,61.7,4549.2,3402.9
0xsmoke0045,1770093000,0.02,0.04,0.96,0.98,156.8,332.3,473.1,312.0,4609.6,3598.2
0xsmoke0046,1770093005,0.4,0.42,0.58,0.6,208.1,166.6,184.4,350.8,2705.2,4562.1
0xsmoke0046,1770093010,0.53,0.55,0.45,0.47,108.8,89.9,161.9,371.7,1245.5,3377.4
0xsmoke0046,1770093015,0.49,0.51,0.49,0.51,331.8,143.0,393.3,427.5,2872.7,2223.1
0xsmoke0046,1770093020,0.54,0.56,0.44,0.46,94.2,346.9,152.3,336.6,1898.0,2170.8
0xsmoke0046,1770093025,0.54,0.56,0.44,0.46,203.5,404.6,96.4,361.2,847.3,2780.1
0xsmoke0046,1770093030,0.52,0.54,0.46,0.48,171.0,176.4,462.2,243.3,3351.5,3713.5
0xsmoke0046,1770093035,0.54,0.56,0.44,0.46,483.7,479.1,84.6,73.3,3848.9,1410.2
0xsmoke0046,1770093040,0.47,0.49,0.51,0.53,101.6,256.8,245.5,246.4,2999.8,1079.8
0xsmoke0046,1770093045,0.56,0.58,0.42,0.44,495.8,77.1,406.1,305.9,1337.1,3513.9
0xsmoke0046,1770093050,0.51,0.53,0.47,0.49,266.6,146.9,498.5,469.7,2769.3,2658.2
0xsmoke0046,1770093055,0.53,0.55,0.45,0.47,309.9,333.6,391.2,115.6,4604.2,835.8
0xsmoke0046,1770093060,0.54,0.56,0.44,0.46,147.7,269.3,427.4,209.2,969.3,3560.0
0xsmoke0046,1770093065,0.51,0.53,0.47,0.49,233.1,346.5,428.4,51.2,3422.9,3304.2
0xsmoke0046,1770093070,0.62,0.64,0.36,0.38,139.8,202.7,233.7,417.2,3834.4,2793.5
0xsmoke0046,1770093075,0.59,0.61,0.39,0.41,442.4,67.7,212.5,200.6,2679.6,701.9
0xsmoke0046,1770093080,0.59,0.61,0.39,0.41,114.7,77.1,496.8,425.2,2011.3,3431.0
0xsmoke0046,1770093085,0.63,0.65,0.35,0.37,449.1,337.1,247.3,179.7,2482.2,3872.3
0xsmoke0046,1770093090,0.6,0.62,0.38,0.4,74.7,487.2,285.0,456.6,754.1,4369.8
0xsmoke0046,1770093095,0.63,0.65,0.35,0.37,92.6,50.5,157.4,461.7,3457.1,1972.4
0xsmoke0046,1770093100,0.58,0.6,0.4,0.42,373.7,229.3,89.6,337.7,2788.7,4432.9
0xsmoke0046,1770093105,0.58,0.6,0.4,0.42,347.7,397.9,277.0,409.9,4490.4,3810.2
0xsmoke0046,1770093110,0.59,0.61,0.39,0.41,105.7,296.1,491.8,480.3,2559.0,3298.8
0xsmoke0046,1770093115,0.57,0.59,0.41,0.43,336.7,58.3,453.7,458.5,3578.8,1137.5
0xsmoke0046,1770093120,0.58,0.6,0.4,0.42,439.5,186.6,406.4,436.5,3700.7,1851.1
0xsmoke0046,1770093125,0.47,0.49,0.51,0.53,435.8,373.3,418.6,443.6,2891.0,3531.7
0xsmoke0046,1770093130,0.56,0.58,0.42,0.44,491.9,92.1,62.0,408.5,3982.2,3263.8
0xsmoke0046,1770093135,0.54,0.56,0.44,0.46,187.4,429.3,117.8,61.4,4905.1,2950.3
0xsmoke0046,1770093140,0.63,0.65,0.35,0.37,216.3,432.4,430.8,166.0,3966.9,2026.5
0xsmoke0046,1770093145,0.56,0.58,0.42,0.44,308.5,218.7,399.1,450.7,4884.2,3892.6
0xsmoke0046,1770093150,0.65,0.67,0.33,0.35,205.9,134.7,260.4,384.7,715.5,1010.5
0xsmoke0046,1770093155,0.63,0.65,0.35,0.37,165.1,297.5,287.1,125.5,4461.0,2589.9
0xsmoke0046,1770093160,0.67,0.69,0.31,0.33,444.9,378.7,124.3,409.4,1032.9,2678.2
0xsmoke0046,1770093165,0.73,0.75,0.25,0.27,496.7,478.1,448.4,468.5,1024.5,720.8
0xsmoke0046,1770093170,0.65,0.67,0.33,0.35,356.8,69.7,140.5,72.5,3324.6,3540.5
0xsmoke0046,1770093175,0.68,0.7,0.3,0.32,162.3,489.0,244.7,171.2,3532.4,3738.0
0xsmoke0046,1770093180,0.74,0.76,0.24,0.26,89.6,166.9,410.3,175.1,1220.3,1756.1
0xsmoke0046,1770093185,0.75,0.77,0.23,0.25,485.9,431.9,332.0,184.8,4990.9,1486.8
0xsmoke0046,1770093190,0.73,0.75,0.25,0.27,394.3,247.8,68.9,297.2,4453.2,2856.7
0xsmoke0046,1770093195,0.76,0.78,0.22,0.24,139.5,402.0,198.3,210.6,3828.6,3021.2
0xsmoke0046,1770093200,0.79,0.81,0.19,0.21,210.0,190.0,445.2,310.4,3966.5,4797.3
0xsmoke0046,1770093205,0.74,0.76,0.24,0.26,372.0,82.5,273.6,355.8,3912.2,3283.8
0xsmoke0046,1770093210,0.75,0.77,0.23,0.25,468.9,129.9,359.9,226.1,561.8,4984.8
0xsmoke0046,1770093215,0.79,0.81,0.19,0.21,432.1,100.0,420.0,250.3,1768.9,3002.2
0xsmoke0046,1770093220,0.79,0.81,0.19,0.21,474.2,277.9,389.0,425.0,3400.8,4942.8
0xsmoke0046,1770093225,0.86,0.88,0.12,0.14,95.8,250.7,286.4,391.4,4239.6,700.6
0xsmoke0046,1770093230,0.85,0.87,0.13,0.15,120.1,458.8,95.6,440.6,1364.0,4402.9
0xsmoke0046,1770093235,0.84,0.86,0.14,0.16,410.9,478.6,494.3,86.8,4471.9,3852.6
0xsmoke0046,1770093240,0.88,0.9,0.1,0.12,143.6,342.5,363.7,111.4,3780.1,2986.5
0xsmoke0046,1770093245,0.87,0.89,0.11,0.13,423.9,257.9,466.2,307.8,1714.9,2165.3
0xsmoke0046,1770093250,0.84,0.86,0.14,0.16,474.0,345.1,293.1,462.0,3223.0,2791.0
0xsmoke0046,1770093255,0.83,0.85,0.15,0.17,440.4,282.8,216.0,140.7,1822.4,3999.5
0xsmoke0046,1770093260,0.89,0.91,0.09,0.11,433.3,413.9,158.5,101.6,4304.5,3124.5
0xsmoke0046,1770093265,0.85,0.87,0.13,0.15,473.7,131.6,343.3,164.3,2732.1,1044.0
0xsmoke0046,1770093270,0.89,0.91,0.09,0.11,225.3,115.6,104.0,237.6,1877.4,3667.8
0xsmoke0046,1770093275,0.89,0.91,0.09,0.11,188.0,466.9,206.3,107.3,1354.3,4560.3
0xsmoke0046,1770093280,0.9,0.92,0.08,0.1,144.1,311.1,214.6,70.5,2370.2,1464.5
0xsmoke0046,1770093285,0.92,0.94,0.06,0.08,307.8,271.9,105.8,352.6,1441.6,4137.7
0xsmoke0046,1770093290,0.94,0.96,0.04,0.06,67.7,497.1,160.3,52.7,4315.1,2423.5
0xsmoke0046,1770093295,0.97,0.99,0.01,0.03,392.0,499.8,113.2,407.9,4920.6,4707.9
0xsmoke0046,1770093300,0.97,0.99,0.01,0.03,72.7,278.1,328.9,156.2,3182.5,643.0
0xsmoke0047,1770093305,0.57,0.59,0.41,0.43,209.7,72.5,171.4,451.1,1364.0,1654.5
0xsmoke0047,1770093310,0.54,0.56,0.44,0.46,245.7,134.1,152.1,407.4,3201.3,1462.3
0xsmoke0047,1770093315,0.45,0.47,0.53,0.55,203.6,296.2,337.2,490.9,3624.8,4350.0
0xsmoke0047,1770093320,0.49,0.51,0.49,0.51,186.5,392.0,323.9,248.9,963.5,2525.7
0xsmoke0047,1770093325,0.54,0.56,0.44,0.46,377.3,152.3,287.4,263.4,527.7,4840.7
0xsmoke0047,1770093330,0.45,0.47,0.53,0.55,381.4,465.8,263.7,196.7,874.4,1846.6
0xsmoke0047,1770093335,0.4,0.42,0.58,0.6,229.1,148.2,327.4,400.0,2271.3,1543.8
0xsmoke0047,1770093340,0.45,0.47,0.53,0.55,138.9,482.3,438.4,85.2,1060.7,4195.7
0xsmoke0047,1770093345,0.43,0.45,0.55,0.57,192.6,467.0,232.7,242.5,4405.5,3822.9
0xsmoke0047,1770093350,0.46,0.48,0.52,0.54,60.5,279.6,422.4,287.8,1252.2,3285.6
0xsmoke0047,1770093355,0.45,0.47,0.53,0.55,282.9,272.8,406.0,200.9,1800.7,2322.0
0xsmoke0047,1770093360,0.49,0.51,0.49,0.51,349.6,391.6,281.0,466.7,4386.1,4343.7
0xsmoke0047,1770093365,0.44,0.46,0.54,0.56,476.7,180.0,361.8,230.4,2445.6,4873.9
0xsmoke0047,1770093370,0.43,0.45,0.55,0.57,313.2,101.5,403.8,176.0,2474.9,1611.3
0xsmoke0047,1770093375,0.4,0.42,0.58,0.6,152.3,307.1,242.0,311.0,4452.4,2670.9
0xsmoke0047,1770093380,0.47,0.49,0.51,0.53,314.8,138.1,426.7,282.7,4288.1,744.1
0xsmoke0047,1770093385,0.4,0.42,0.58,0.6,190.9,86.4,479.9,351.9,4474.4,3174.8
0xsmoke0047,1770093390,0.4,0.42,0.58,0.6,268.6,99.4,328.3,351.5,2969.7,3900.3
0xsmoke0047,1770093395,0.42,0.44,0.56,0.58,454.6,352.9,156.0,353.8,3632.2,4596.8
0xsmoke0047,1770093400,0.43,0.45,0.55,0.57,155.7,112.3,199.9,241.2,3860.7,775.7
0xsmoke0047,1770093405,0.42,0.44,0.56,0.58,384.5,139.9,61.0,89.8,3427.0,3152.0
0xsmoke0047,1770093410,0.4,0.42,0.58,0.6,114.9,348.8,80.9,416.8,2786.7,737.8
0xsmoke0047,1770093415,0.39,0.41,0.59,0.61,477.5,264.4,463.1,109.9,2636.7,3623.3
0xsmoke0047,1770093420,0.38,0.4,0.6,0.62,302.4,483.5,163.6,165.2,1636.0,2861.2
0xsmoke0047,1770093425,0.47,0.49,0.51,0.53,316.0,485.8,88.9,473.4,4007.5,3335.2
0xsmoke0047,1770093430,0.5,0.52,0.48,0.5,394.1,113.4,59.3,308.2,1452.6,1729.1
0xsmoke0047,1770093435,0.47,0.49,0.51,0.53,201.4,306.1,440.2,456.4,2842.8,1184.6
0xsmoke0047,1770093440,0.37,0.39,0.61,0.63,485.0,105.5,411.2,308.5,3971.5,4097.4
0xsmoke0047,1770093445,0.42,0.44,0.56,0.58,419.1,413.5,427.0,445.5,1167.7,2669.6
0xsmoke0047,1770093450,0.28,0.3,0.7,0.72,178.4,198.5,431.8,397.6,4100.4,4320.7
0xsmoke0047,1770093455,0.4,0.42,0.58,0.6,120.9,289.5,234.4,230.2,4315.2,4959.9
0xsmoke0047,1770093460,0.26,0.28,0.72,0.74,60.6,237.0,477.0,285.2,1503.4,1060.4
0xsmoke0047,1770093465,0.26,0.28,0.72,0.74,89.6,418.5,352.8,334.2,3987.9,2581.2
0xsmoke0047,1770093470,0.3,0.32,0.68,0.7,411.4,355.8,133.7,483.5,2728.0,3772.9
0xsmoke0047,1770093475,0.25,0.27,0.73,0.75,100.3,74.4,77.0,489.2,887.3,1138.8
0xsmoke0047,1770093480,0.22,0.24,0.76,0.78,53.9,422.9,400.0,460.6,3396.1,1643.1
0xsmoke0047,1770093485,0.15,0.17,0.83,0.85,399.0,169.3,173.5,394.8,2981.2,4515.6
0xsmoke0047,1770093490,0.2,0.22,0.78,0.8,138.2,384.8,78.1,187.6,2378.0,3022.3
0xsmoke0047,1770093495,0.24,0.26,0.74,0.76,450.0,423.0,124.2,114.6,3468.6,2188.2
0xsmoke0047,1770093500,0.18,0.2,0.8,0.82,184.9,139.7,205.1,366.9,3056.2,1619.3
0xsmoke0047,1770093505,0.22,0.24,0.76,0.78,470.7,414.5,184.2,76.2,3404.7,3478.4
0xsmoke0047,1770093510,0.18,0.2,0.8,0.82,61.1,155.9,470.6,498.3,2044.9,4409.6
0xsmoke0047,1770093515,0.15,0.17,0.83,0.85,100.3,395.6,232.1,196.0,3703.9,2436.4
0xsmoke0047,1770093520,0.18,0.2,0.8,0.82,176.6,159.4,84.9,432.7,2212.7,776.8
0xsmoke0047,1770093525,0.2,0.22,0.78,0.8,119.9,149.1,354.2,486.9,4845.1,4953.4
0xsmoke0047,1770093530,0.19,0.21,0.79,0.81,208.6,77.2,396.9,436.9,600.5,1977.0
0xsmoke0047,1770093535,0.13,0.15,0.85,0.87,235.6,406.9,237.9,483.5,899.7,3799.5
0xsmoke0047,1770093540,0.17,0.19,0.81,0.83,407.5,432.4,192.5,297.1,2764.0,650.3
0xsmoke0047,1770093545,0.1,0.12,0.88,0.9,79.4,151.6,179.2,470.8,4603.1,2049.7
0xsmoke0047,1770093550,0.05,0.07,0.93,0.95,130.9,175.2,87.1,461.7,2045.3,1413.2
0xsmoke0047,1770093555,0.09,0.11,0.89,0.91,115.7,65.5,233.6,421.0,4641.3,1595.5
0xsmoke0047,1770093560,0.01,0.03,0.97,0.99,219.5,59.3,415.6,188.0,1871.8,4465.5
0xsmoke0047,1770093565,0.1,0.12,0.88,0.9,457.5,278.6,200.9,86.7,4800.2,662.0
0xsmoke0047,1770093570,0.06,0.08,0.92,0.94,434.5,415.3,431.8,242.0,4389.9,2123.7
0xsmoke0047,1770093575,0.05,0.07,0.93,0.95,72.6,439.3,219.8,309.0,660.9,555.9
0xsmoke0047,1770093580,0.13,0.15,0.85,0.87,151.8,185.8,338.4,241.0,3276.7,1728.0
0xsmoke0047,1770093585,0.01,0.03,0.97,0.99,393.1,315.5,442.9,462.8,2577.6,1384.1
0xsmoke0047,1770093590,0.06,0.08,0.92,0.94,252.0,181.8,370.2,259.9,3106.1,2056.6
0xsmoke0047,1770093595,0.02,0.04,0.96,0.98,281.9,432.9,262.6,431.9,4181.4,1778.1
0xsmoke0047,1770093600,0.01,0.03,0.97,0.99,495.1,232.6,332.2,459.1,2923.5,800.6
